{"times": {"train": [9.887816429138184, 3.601543426513672, 3.679584503173828, 3.661189079284668, 3.577845335006714, 3.5802481174468994, 3.7026526927948, 3.6468968391418457, 3.7637100219726562, 3.577467679977417, 3.6636834144592285, 3.5536491870880127, 3.673368453979492, 3.6547322273254395, 3.541386604309082, 3.5862975120544434, 3.68324613571167, 3.584496259689331, 3.5652401447296143, 3.6475424766540527, 3.644653797149658, 3.5732245445251465, 3.570286989212036, 3.6473515033721924, 3.6508548259735107, 3.5698647499084473, 3.665591239929199, 3.5563225746154785, 3.568934917449951, 3.5754761695861816, 3.654726266860962, 3.5390329360961914, 3.729309558868408, 3.5803518295288086, 3.519479274749756, 3.72375750541687, 3.522289276123047, 3.652700662612915, 3.655745506286621, 3.5390374660491943, 3.525012969970703, 3.5588200092315674, 3.5690882205963135, 3.6804192066192627, 3.5427019596099854, 3.735383987426758, 3.750270366668701, 3.66864013671875, 3.5589754581451416, 3.6733362674713135, 3.6574201583862305, 3.5459961891174316, 3.6516690254211426, 3.659818649291992, 3.760279417037964, 3.5458333492279053, 3.672532081604004, 3.555912971496582, 3.6283740997314453, 3.7506020069122314, 3.546717882156372, 3.524639844894409, 3.5819666385650635, 3.6868157386779785, 3.5784521102905273, 3.6510660648345947, 3.583796501159668, 3.6565613746643066, 3.5998923778533936, 3.6522393226623535, 3.5506694316864014, 3.6494717597961426, 3.6605381965637207, 3.544346332550049, 3.638439655303955, 3.6648223400115967, 3.584965467453003, 3.543454885482788, 3.536789655685425, 3.5695974826812744, 3.6415140628814697, 3.5998694896698, 3.5861802101135254, 3.6347103118896484, 3.5399680137634277, 3.735926389694214, 3.637272834777832, 3.594025135040283, 3.689455509185791, 3.728376865386963, 3.54689359664917, 3.591524839401245, 3.841599464416504, 3.597431182861328, 3.6669628620147705, 3.5481057167053223, 3.621047019958496, 3.564114809036255, 3.6472222805023193, 3.7494590282440186], "comm_send": [0.00025463104248046875, 0.00027298927307128906, 0.00024175643920898438, 0.00024199485778808594, 0.00024819374084472656, 0.0004220008850097656, 0.0002338886260986328, 0.0002300739288330078, 0.00027251243591308594, 0.0002503395080566406, 0.00022912025451660156, 0.0002486705780029297, 0.0002338886260986328, 0.00024056434631347656, 0.0002586841583251953, 0.0002605915069580078, 0.00026416778564453125, 0.0002524852752685547, 0.0003020763397216797, 0.00027489662170410156, 0.000232696533203125, 0.0002796649932861328, 0.00025153160095214844, 0.00023508071899414062, 0.00021314620971679688, 0.00024962425231933594, 0.00023698806762695312, 0.00025963783264160156, 0.0002644062042236328, 0.0002536773681640625, 0.00023221969604492188, 0.0002543926239013672, 0.00023126602172851562, 0.00024819374084472656, 0.00026702880859375, 0.0002315044403076172, 0.0002498626708984375, 0.000232696533203125, 0.0002429485321044922, 0.0002582073211669922, 0.0002541542053222656, 0.0002510547637939453, 0.00026106834411621094, 0.00023245811462402344, 0.00024962425231933594, 0.00023174285888671875, 0.00023484230041503906, 0.00023365020751953125, 0.000293731689453125, 0.00023055076599121094, 0.0003459453582763672, 0.0002658367156982422, 0.0002281665802001953, 0.0002338886260986328, 0.00022792816162109375, 0.00025081634521484375, 0.00022935867309570312, 0.0002918243408203125, 0.00024700164794921875, 0.0002372264862060547, 0.00024247169494628906, 0.0002415180206298828, 0.00021648406982421875, 0.00023102760314941406, 0.00024890899658203125, 0.0002682209014892578, 0.0002448558807373047, 0.0002529621124267578, 0.0002465248107910156, 0.0002429485321044922, 0.0002446174621582031, 0.0002391338348388672, 0.0002491474151611328, 0.0002446174621582031, 0.0002627372741699219, 0.00024700164794921875, 0.0002593994140625, 0.0003056526184082031, 0.0003159046173095703, 0.0003311634063720703, 0.00024271011352539062, 0.0002663135528564453, 0.0002658367156982422, 0.0002493858337402344, 0.00024962425231933594, 0.00021910667419433594, 0.0002422332763671875, 0.0002694129943847656, 0.00022983551025390625, 0.0002846717834472656, 0.0002620220184326172, 0.0003159046173095703, 0.0002276897430419922, 0.00024509429931640625, 0.0002276897430419922, 0.0002505779266357422, 0.00024318695068359375, 0.0002651214599609375, 0.0002231597900390625, 0.00025272369384765625], "comm_recv": [3.9387917518615723, 3.339290142059326, 3.27777361869812, 3.3740711212158203, 3.2742443084716797, 3.319850444793701, 3.203587293624878, 3.2391111850738525, 3.217362403869629, 3.4163899421691895, 3.313643217086792, 3.3238110542297363, 3.244718074798584, 3.3462305068969727, 3.4190547466278076, 3.3865342140197754, 3.1769113540649414, 3.3454530239105225, 3.2919108867645264, 3.3414487838745117, 3.2926485538482666, 3.304046869277954, 3.5274600982666016, 3.354905605316162, 3.3100173473358154, 3.469125986099243, 3.359937906265259, 3.4161078929901123, 3.523543119430542, 3.4571826457977295, 3.491259813308716, 3.54020357131958, 3.2328357696533203, 3.4176690578460693, 3.4608266353607178, 3.2462852001190186, 3.474116563796997, 3.324012517929077, 3.4778010845184326, 3.480267286300659, 3.449380397796631, 3.4224443435668945, 3.453512191772461, 3.3529844284057617, 3.436224937438965, 3.227084159851074, 3.20054030418396, 3.3714969158172607, 3.404362201690674, 3.3467602729797363, 3.260225296020508, 3.451835870742798, 3.3950467109680176, 3.3390307426452637, 3.276034355163574, 3.478282928466797, 3.7330033779144287, 3.495875597000122, 3.3114430904388428, 3.151860237121582, 3.2673001289367676, 3.272751808166504, 3.345160484313965, 3.6684577465057373, 3.4279885292053223, 3.3341102600097656, 3.3773269653320312, 3.330418586730957, 3.365248680114746, 3.5362234115600586, 4.732502460479736, 3.2194674015045166, 3.364581823348999, 3.402637481689453, 3.317924976348877, 3.2591946125030518, 3.461989641189575, 3.615567207336426, 3.5912458896636963, 3.7488362789154053, 3.35014009475708, 3.438142776489258, 3.41984486579895, 3.3820183277130127, 3.372915267944336, 3.6880598068237305, 3.3353919982910156, 3.451679229736328, 3.150669813156128, 3.3315274715423584, 3.3101422786712646, 3.3382465839385986, 3.2248363494873047, 3.343832015991211, 3.246072292327881, 3.4943807125091553, 3.3428258895874023, 3.384986639022827, 3.8661701679229736, 3.2240240573883057],