{"times": {"train": [9.827805519104004, 3.7440216541290283, 3.6589930057525635, 3.740647554397583, 3.7483174800872803, 3.592802047729492, 3.6337926387786865, 3.5383245944976807, 3.62558913230896, 3.52604341506958, 3.637928009033203, 3.608816146850586, 3.559467077255249, 3.5394654273986816, 3.7306020259857178, 3.513479232788086, 3.6196067333221436, 3.560689926147461, 3.577810049057007, 3.6058852672576904, 3.6608119010925293, 3.5504517555236816, 3.756227731704712, 3.537358283996582, 3.5177462100982666, 3.600681781768799, 3.538484573364258, 3.718867301940918, 3.6325178146362305, 3.5373876094818115, 3.6340701580047607, 3.559175968170166, 3.629162549972534, 3.529025077819824, 3.734149217605591, 3.539288282394409, 3.6061179637908936, 3.6269690990448, 3.635999917984009, 3.55854868888855, 3.7638604640960693, 3.636603593826294, 3.659905195236206, 3.544651985168457, 3.5243914127349854, 3.7218992710113525, 3.6540005207061768, 3.5350072383880615, 3.730212926864624, 3.6460704803466797, 3.5052366256713867, 3.5812923908233643, 3.6315388679504395, 3.536515712738037, 3.550910711288452, 3.596832275390625, 3.65255069732666, 3.8411848545074463, 3.632080078125, 3.720519781112671, 3.634509325027466, 3.6372005939483643, 3.730808734893799, 3.5562493801116943, 3.5651566982269287, 3.6642229557037354, 3.6923668384552, 3.7399215698242188, 3.6007187366485596, 3.5505080223083496, 3.5453696250915527, 3.669650077819824, 3.6529457569122314, 3.682920455932617, 3.667104482650757, 3.551983118057251, 3.6335623264312744, 3.5476627349853516, 3.519181489944458, 3.6338772773742676, 3.503706455230713, 3.6816349029541016, 3.7403321266174316, 3.685199737548828, 3.628141403198242, 3.636093854904175, 3.5520710945129395, 3.6481680870056152, 3.6524736881256104, 3.6475162506103516, 3.6104671955108643, 3.5665783882141113, 3.5363523960113525, 3.6540167331695557, 3.6206114292144775, 3.5569679737091064, 3.5623464584350586, 3.6566429138183594, 3.731137275695801, 3.63248348236084], "comm_send": [0.00028014183044433594, 0.00024271011352539062, 0.00024771690368652344, 0.0002644062042236328, 0.00023794174194335938, 0.0002543926239013672, 0.0002396106719970703, 0.0003123283386230469, 0.00024771690368652344, 0.0002627372741699219, 0.00023889541625976562, 0.00023603439331054688, 0.0003745555877685547, 0.0002570152282714844, 0.00023317337036132812, 0.000335693359375, 0.00023055076599121094, 0.0002624988555908203, 0.00029087066650390625, 0.0002677440643310547, 0.00023102760314941406, 0.0002701282501220703, 0.00022101402282714844, 0.0003173351287841797, 0.0002574920654296875, 0.0002484321594238281, 0.00030159950256347656, 0.00024080276489257812, 0.00024580955505371094, 0.0004341602325439453, 0.0002391338348388672, 0.0003082752227783203, 0.00022864341735839844, 0.00026345252990722656, 0.00024175643920898438, 0.0003237724304199219, 0.0002446174621582031, 0.00024080276489257812, 0.00027561187744140625, 0.0004413127899169922, 0.000225067138671875, 0.00025010108947753906, 0.00024080276489257812, 0.00026535987854003906, 0.0002646446228027344, 0.00023102760314941406, 0.00023484230041503906, 0.0002582073211669922, 0.0002353191375732422, 0.00023794174194335938, 0.0002689361572265625, 0.00025534629821777344, 0.0002472400665283203, 0.00025773048400878906, 0.00026226043701171875, 0.00026154518127441406, 0.00023293495178222656, 0.0002319812774658203, 0.00024366378784179688, 0.0002510547637939453, 0.0002353191375732422, 0.00024056434631347656, 0.00022602081298828125, 0.000255584716796875, 0.0002498626708984375, 0.00026416778564453125, 0.00022459030151367188, 0.0002276897430419922, 0.0002512931823730469, 0.00025200843811035156, 0.0002646446228027344, 0.0002276897430419922, 0.00035452842712402344, 0.0002238750457763672, 0.00023174285888671875, 0.00024580955505371094, 0.00024318695068359375, 0.0002429485321044922, 0.00027298927307128906, 0.00023865699768066406, 0.00027251243591308594, 0.00022792816162109375, 0.0002651214599609375, 0.00022745132446289062, 0.0002493858337402344, 0.00023055076599121094, 0.0002532005310058594, 0.00024175643920898438, 0.0002455711364746094, 0.00037097930908203125, 0.0002422332763671875, 0.000278472900390625, 0.00029397010803222656, 0.0002541542053222656, 0.00027751922607421875, 0.0003139972686767578, 0.0002532005310058594, 0.0002319812774658203, 0.00023055076599121094, 0.0002434253692626953], "comm_recv": [3.998708724975586, 3.199867010116577, 3.298605442047119, 3.29457426071167, 3.1050608158111572, 3.307929039001465, 3.2733442783355713, 3.347773313522339, 3.3558833599090576, 3.4681379795074463, 3.3403708934783936, 3.2695651054382324, 3.3579628467559814, 3.4618306159973145, 3.2310798168182373, 3.459465980529785, 3.2410621643066406, 3.369577407836914, 3.2801923751831055, 3.3833255767822266, 3.2771639823913574, 3.325930118560791, 3.3422539234161377, 3.465273857116699, 3.4427754878997803, 3.4393768310546875, 3.487269878387451, 3.2554941177368164, 3.460387706756592, 3.4954426288604736, 3.5123260021209717, 3.521686553955078, 3.33404278755188, 3.46893572807312, 3.246579170227051, 3.4308180809020996, 3.391957998275757, 3.350531578063965, 3.4959850311279297, 3.4610564708709717, 3.2123117446899414, 3.3609323501586914, 3.347872018814087, 3.4882988929748535, 3.4553675651550293, 3.241957664489746, 3.297363042831421, 3.5116498470306396, 3.2256662845611572, 3.3750081062316895, 3.413026809692383, 3.417741060256958, 3.415656089782715, 3.463736057281494, 3.485724925994873, 3.428518533706665, 3.7532684803009033, 3.2114171981811523, 3.3080878257751465, 3.183391571044922, 3.180049180984497, 3.1614787578582764, 3.198974370956421, 3.8025686740875244, 3.4409282207489014, 3.3212971687316895, 3.298128366470337, 3.2489185333251953, 3.3651037216186523, 3.6067590713500977, 4.76897668838501, 3.199669361114502, 3.3724594116210938, 3.265284299850464, 3.298745632171631, 3.372211217880249, 3.413637161254883, 3.6121175289154053, 3.609743356704712, 3.6858627796173096, 3.487868547439575, 3.3558738231658936, 3.266493558883667, 3.332592248916626, 3.2853729724884033, 3.788034677505493, 3.4207041263580322, 3.3999969959259033, 3.187608480453491, 3.412668228149414, 3.247532606124878, 3.364243984222412, 3.529900074005127, 3.287543535232544, 3.3060433864593506, 3.4847629070281982, 3.402456521987915, 3.2934718132019043, 3.7827980518341064, 3.345130205154419],