{"times": {"train": [9.977455377578735, 3.635740041732788, 3.5637004375457764, 3.6599137783050537, 3.677692174911499, 3.6719276905059814, 3.6038880348205566, 3.6783947944641113, 3.5655391216278076, 3.6494851112365723, 3.672224521636963, 3.655545949935913, 3.5892395973205566, 3.548260450363159, 3.519350051879883, 3.639861583709717, 3.640965700149536, 3.6637940406799316, 3.6569759845733643, 3.64949631690979, 3.543379783630371, 3.6422667503356934, 3.6380839347839355, 3.7597153186798096, 3.7435786724090576, 3.8381800651550293, 3.724597454071045, 3.536504030227661, 3.643132209777832, 3.746006727218628, 3.9113171100616455, 3.6236326694488525, 3.5482065677642822, 3.7600953578948975, 3.7577452659606934, 3.5814454555511475, 3.6544241905212402, 3.6728851795196533, 3.692697048187256, 3.5778632164001465, 3.6701111793518066, 3.6863250732421875, 3.652355670928955, 3.6812775135040283, 3.640118360519409, 3.637338876724243, 3.647542953491211, 3.6679062843322754, 3.6638052463531494, 3.658390522003174, 3.5481340885162354, 3.5546655654907227, 3.672767162322998, 3.564328908920288, 3.587340831756592, 3.692559242248535, 3.7479019165039062, 3.602834463119507, 3.5759856700897217, 3.6538941860198975, 3.562668800354004, 3.574732780456543, 3.6503593921661377, 3.6848604679107666, 3.5807852745056152, 3.6451468467712402, 3.5808615684509277, 3.749748706817627, 3.597764492034912, 3.7662720680236816, 3.586886405944824, 3.615168333053589, 3.714062213897705, 3.6516551971435547, 3.580031394958496, 3.670867443084717, 3.615614414215088, 3.6658005714416504, 3.615776538848877, 3.584961414337158, 3.6688640117645264, 3.6811766624450684, 3.669804096221924, 3.5776050090789795, 3.6912338733673096, 3.6824264526367188, 3.630645751953125, 3.5681614875793457, 3.5811245441436768, 3.5778989791870117, 3.5638248920440674, 3.573855400085449, 3.553454637527466, 3.564544439315796, 3.5580146312713623, 3.5491750240325928, 3.7411441802978516, 3.5832691192626953, 3.6574251651763916, 3.6679563522338867], "comm_send": [0.00023651123046875, 0.0003924369812011719, 0.0002620220184326172, 0.0002663135528564453, 0.00024056434631347656, 0.00028014183044433594, 0.0002639293670654297, 0.00023603439331054688, 0.00026226043701171875, 0.00024962425231933594, 0.00024700164794921875, 0.00026035308837890625, 0.00025343894958496094, 0.0002849102020263672, 0.0003151893615722656, 0.00024318695068359375, 0.00023698806762695312, 0.00023698806762695312, 0.00025916099548339844, 0.00023436546325683594, 0.00027441978454589844, 0.00022649765014648438, 0.0002429485321044922, 0.00025916099548339844, 0.00026869773864746094, 0.00022292137145996094, 0.0002377033233642578, 0.0002815723419189453, 0.00024700164794921875, 0.00023293495178222656, 0.0003495216369628906, 0.0002574920654296875, 0.00025272369384765625, 0.0002300739288330078, 0.00023889541625976562, 0.00029850006103515625, 0.0002307891845703125, 0.00034546852111816406, 0.0002493858337402344, 0.00026226043701171875, 0.00023508071899414062, 0.0002319812774658203, 0.0002498626708984375, 0.0002300739288330078, 0.00027871131896972656, 0.00023245811462402344, 0.00023436546325683594, 0.00022983551025390625, 0.0002410411834716797, 0.00022935867309570312, 0.00026535987854003906, 0.00025653839111328125, 0.00033664703369140625, 0.0003046989440917969, 0.00025725364685058594, 0.0002357959747314453, 0.00023508071899414062, 0.00028014183044433594, 0.0002617835998535156, 0.00022983551025390625, 0.00025177001953125, 0.000270843505859375, 0.00024580955505371094, 0.0002276897430419922, 0.0002498626708984375, 0.00025844573974609375, 0.0002377033233642578, 0.0002338886260986328, 0.00028586387634277344, 0.00023365020751953125, 0.0002834796905517578, 0.0002453327178955078, 0.00023484230041503906, 0.0002551078796386719, 0.00026226043701171875, 0.00023555755615234375, 0.0002472400665283203, 0.00026345252990722656, 0.0002903938293457031, 0.000286102294921875, 0.00023865699768066406, 0.0002429485321044922, 0.00023818016052246094, 0.00026702880859375, 0.0002243518829345703, 0.0002751350402832031, 0.0002753734588623047, 0.00026869773864746094, 0.00026297569274902344, 0.0002665519714355469, 0.0002505779266357422, 0.0002925395965576172, 0.00026988983154296875, 0.00024580955505371094, 0.00024771690368652344, 0.000339508056640625, 0.0002334117889404297, 0.00033974647521972656, 0.00024366378784179688, 0.00023651123046875], "comm_recv": [3.8494491577148438, 3.280427932739258, 3.3926265239715576, 3.3760390281677246, 3.174093723297119, 3.229365825653076, 3.3027071952819824, 3.207200765609741, 3.4150948524475098, 3.343766212463379, 3.3046457767486572, 3.222155809402466, 3.328399419784546, 3.452643871307373, 3.441088914871216, 3.33301043510437, 3.2201380729675293, 3.266653537750244, 3.200183391571045, 3.3391621112823486, 3.39310884475708, 3.233976364135742, 3.4607725143432617, 3.2421531677246094, 3.2168307304382324, 3.2012782096862793, 3.3015048503875732, 3.434490203857422, 3.4496145248413086, 3.2871901988983154, 3.235422134399414, 3.455652952194214, 3.413722038269043, 3.2374677658081055, 3.222886323928833, 3.3884127140045166, 3.3423376083374023, 3.3035361766815186, 3.4400227069854736, 3.4412736892700195, 3.304257392883301, 3.295257568359375, 3.3710732460021973, 3.3518459796905518, 3.3393101692199707, 3.3258161544799805, 3.302637815475464, 3.367547035217285, 3.2997350692749023, 3.3617045879364014, 3.3697867393493652, 3.4426956176757812, 3.3741066455841064, 3.43410587310791, 3.4491069316864014, 3.332197427749634, 3.658196210861206, 3.4497804641723633, 3.3634743690490723, 3.2482943534851074, 3.251577377319336, 3.2230467796325684, 3.2781124114990234, 3.670846700668335, 3.4259188175201416, 3.368494987487793, 3.3808929920196533, 3.237562656402588, 3.3675787448883057, 3.390451431274414, 4.725296258926392, 3.253359794616699, 3.311159133911133, 3.295534372329712, 3.384561061859131, 3.2522010803222656, 3.4315569400787354, 3.493823289871216, 3.5123403072357178, 3.7331557273864746, 3.3226499557495117, 3.3571016788482666, 3.3372602462768555, 3.438715696334839, 3.2217111587524414, 3.74194598197937, 3.3416483402252197, 3.4771127700805664, 3.25807785987854, 3.481656074523926, 3.2924282550811768, 3.357175827026367, 3.5121514797210693, 3.388482093811035, 3.3550446033477783, 3.4927473068237305, 3.222136974334717, 3.3661675453186035, 3.8565471172332764, 3.305990695953369],