{"times": {"train": [9.931673049926758, 3.654296636581421, 3.6611270904541016, 3.5537874698638916, 3.65248703956604, 3.651994228363037, 3.5485594272613525, 3.6594717502593994, 3.6670165061950684, 3.5265719890594482, 3.5354652404785156, 3.5655813217163086, 3.5396809577941895, 3.750302791595459, 3.5593981742858887, 3.563326835632324, 3.634908676147461, 3.6434848308563232, 3.5320653915405273, 3.7310991287231445, 3.556619167327881, 3.6526389122009277, 3.636470317840576, 3.6425583362579346, 3.645188570022583, 3.6268515586853027, 3.6379406452178955, 3.5675787925720215, 3.6947896480560303, 3.64469051361084, 3.582996129989624, 3.7586886882781982, 3.5740954875946045, 3.562514543533325, 3.538541793823242, 3.5360031127929688, 3.739832878112793, 3.530564308166504, 3.6638433933258057, 3.632803440093994, 3.549302339553833, 3.538334369659424, 3.7497336864471436, 3.656658172607422, 3.582602024078369, 3.643852949142456, 3.546579360961914, 3.6581852436065674, 3.659994602203369, 3.7512850761413574, 3.5221400260925293, 3.7281854152679443, 3.5575673580169678, 3.560753345489502, 3.5401690006256104, 3.666141986846924, 3.6613659858703613, 3.6811349391937256, 3.6174516677856445, 3.5501136779785156, 3.5532689094543457, 3.521167039871216, 3.6691393852233887, 3.532682180404663, 3.7335286140441895, 3.6172969341278076, 3.641281843185425, 3.6816747188568115, 3.524736166000366, 3.6531996726989746, 3.641083002090454, 3.6331961154937744, 3.5150232315063477, 3.535595178604126, 3.639223098754883, 3.5495235919952393, 3.571643114089966, 3.548977851867676, 3.837094783782959, 3.535414218902588, 3.637895345687866, 3.534313201904297, 3.7455742359161377, 3.5567033290863037, 3.539764165878296, 3.6557071208953857, 3.547165632247925, 3.8390119075775146, 3.6419177055358887, 3.639281749725342, 3.543381452560425, 3.7597463130950928, 3.640054702758789, 3.6380808353424072, 3.6485862731933594, 3.662468194961548, 3.6534061431884766, 3.732288360595703, 3.614945650100708, 3.669363260269165], "comm_send": [0.00025010108947753906, 0.00025272369384765625, 0.0002493858337402344, 0.0002548694610595703, 0.00022602081298828125, 0.00025582313537597656, 0.0003006458282470703, 0.00022935867309570312, 0.00024127960205078125, 0.00025343894958496094, 0.000270843505859375, 0.000255584716796875, 0.0002968311309814453, 0.00023221969604492188, 0.00024247169494628906, 0.0002720355987548828, 0.0002551078796386719, 0.0002300739288330078, 0.00025725364685058594, 0.000232696533203125, 0.000247955322265625, 0.00023746490478515625, 0.000286102294921875, 0.0002410411834716797, 0.0002315044403076172, 0.00026535987854003906, 0.00025963783264160156, 0.0002384185791015625, 0.0002276897430419922, 0.00024962425231933594, 0.00023674964904785156, 0.0002281665802001953, 0.0002505779266357422, 0.0002613067626953125, 0.0002608299255371094, 0.00027060508728027344, 0.00026035308837890625, 0.00026345252990722656, 0.00025010108947753906, 0.0002639293670654297, 0.0002608299255371094, 0.0002677440643310547, 0.00024008750915527344, 0.00024080276489257812, 0.00023508071899414062, 0.0002486705780029297, 0.0002727508544921875, 0.0002486705780029297, 0.0002505779266357422, 0.00023031234741210938, 0.00026416778564453125, 0.00023818016052246094, 0.00026488304138183594, 0.00024271011352539062, 0.0003142356872558594, 0.00024199485778808594, 0.00025582313537597656, 0.0002357959747314453, 0.0002586841583251953, 0.0002601146697998047, 0.00024175643920898438, 0.00026297569274902344, 0.0002396106719970703, 0.0002732276916503906, 0.00023937225341796875, 0.00032067298889160156, 0.0002472400665283203, 0.00025582313537597656, 0.00031304359436035156, 0.00024509429931640625, 0.00023317337036132812, 0.0002474784851074219, 0.0002627372741699219, 0.0002579689025878906, 0.00024580955505371094, 0.00025725364685058594, 0.0002617835998535156, 0.00025844573974609375, 0.00023698806762695312, 0.0002892017364501953, 0.00024771690368652344, 0.00034546852111816406, 0.0002713203430175781, 0.000263214111328125, 0.00026416778564453125, 0.0002384185791015625, 0.00024771690368652344, 0.00023293495178222656, 0.00025534629821777344, 0.00026702880859375, 0.00030303001403808594, 0.000247955322265625, 0.0002880096435546875, 0.00023603439331054688, 0.00023984909057617188, 0.0002715587615966797, 0.00023627281188964844, 0.00023603439331054688, 0.00026607513427734375, 0.0002808570861816406], "comm_recv": [3.8964831829071045, 3.289777994155884, 3.295945405960083, 3.471663475036621, 3.199645519256592, 3.2497365474700928, 3.3582725524902344, 3.2269649505615234, 3.31506085395813, 3.4670827388763428, 3.4427285194396973, 3.3127942085266113, 3.3787386417388916, 3.251890182495117, 3.401139974594116, 3.4101016521453857, 3.225719690322876, 3.2872400283813477, 3.325645923614502, 3.2576754093170166, 3.380607843399048, 3.2246060371398926, 3.4626104831695557, 3.3599748611450195, 3.3156208992004395, 3.4129526615142822, 3.388413190841675, 3.4064505100250244, 3.3975696563720703, 3.3884053230285645, 3.5643327236175537, 3.3204591274261475, 3.3889095783233643, 3.4354822635650635, 3.4417386054992676, 3.434494733810425, 3.2574596405029297, 3.446549654006958, 3.469494104385376, 3.3866939544677734, 3.424941301345825, 3.4429538249969482, 3.272857189178467, 3.376844644546509, 3.3971774578094482, 3.3188953399658203, 3.403719663619995, 3.3819005489349365, 3.3039116859436035, 3.2693796157836914, 3.3955776691436768, 3.2706379890441895, 3.4892354011535645, 3.439046621322632, 3.4960741996765137, 3.3586649894714355, 3.744828224182129, 3.371060848236084, 3.3231356143951416, 3.35235333442688, 3.2614872455596924, 3.2769052982330322, 3.2612216472625732, 3.825859785079956, 3.273893356323242, 3.368291139602661, 3.349397659301758, 3.3068506717681885, 3.4405879974365234, 3.5041897296905518, 4.674295663833618, 3.2357430458068848, 3.5104923248291016, 3.411172866821289, 3.3252346515655518, 3.374654531478882, 3.4757440090179443, 3.610399007797241, 3.2926480770111084, 3.7837228775024414, 3.353478193283081, 3.5039312839508057, 3.260838031768799, 3.460296154022217, 3.3737809658050537, 3.768390655517578, 3.425503730773926, 3.208432912826538, 3.198634386062622, 3.420574903488159, 3.313563346862793, 3.188513994216919, 3.4095687866210938, 3.3031015396118164, 3.2923600673675537, 3.364616632461548, 3.311164379119873, 3.216874599456787, 3.8985795974731445, 3.30856990814209],