{"times": {"train": [9.913487911224365, 3.626354455947876, 3.5980417728424072, 3.772613048553467, 3.606090545654297, 3.6279098987579346, 3.627796173095703, 3.5923969745635986, 3.785611867904663, 3.729224681854248, 3.6684160232543945, 3.6957764625549316, 3.679258108139038, 3.7544238567352295, 3.6039483547210693, 3.65516996383667, 3.6544382572174072, 3.6656100749969482, 3.5908467769622803, 3.534837007522583, 3.693718194961548, 3.6613283157348633, 3.567909002304077, 3.55824875831604, 3.5775563716888428, 3.5316030979156494, 3.5454349517822266, 3.53527569770813, 3.749333143234253, 3.64389705657959, 3.6397151947021484, 3.79219913482666, 3.5519795417785645, 3.5603950023651123, 3.5742146968841553, 3.5603482723236084, 3.574098587036133, 3.665555000305176, 3.6695220470428467, 3.6591687202453613, 3.5520052909851074, 3.6191508769989014, 3.685075283050537, 3.6463561058044434, 3.694507598876953, 3.7115979194641113, 3.613762140274048, 3.665689468383789, 3.5511293411254883, 3.650344133377075, 3.5644760131835938, 3.673628568649292, 3.7556920051574707, 3.5431344509124756, 3.7217893600463867, 3.6448960304260254, 3.7719643115997314, 3.686075210571289, 3.7653419971466064, 3.5438032150268555, 3.558692693710327, 3.546910524368286, 3.5638766288757324, 3.5610945224761963, 3.5700643062591553, 3.549797773361206, 3.587332010269165, 3.659766435623169, 3.565657615661621, 3.663947582244873, 3.6574172973632812, 3.5432870388031006, 3.65517520904541, 3.7052178382873535, 3.515392780303955, 3.6462204456329346, 3.6583011150360107, 3.569247007369995, 3.793703317642212, 3.5507845878601074, 3.578472137451172, 3.5749032497406006, 3.5357601642608643, 3.573129653930664, 3.621476888656616, 3.5415046215057373, 3.648743152618408, 3.729363441467285, 3.580476999282837, 3.645698308944702, 3.6441569328308105, 3.569915771484375, 3.6535425186157227, 3.5853612422943115, 3.5357751846313477, 3.759566307067871, 3.6556053161621094, 3.6528003215789795, 3.840745449066162, 3.524472236633301], "comm_send": [0.00032138824462890625, 0.00031757354736328125, 0.00023984909057617188, 0.00023627281188964844, 0.0002357959747314453, 0.000244140625, 0.0002524852752685547, 0.0004782676696777344, 0.0002434253692626953, 0.00023484230041503906, 0.00024247169494628906, 0.00022864341735839844, 0.00023317337036132812, 0.00023055076599121094, 0.00025725364685058594, 0.0002739429473876953, 0.0005006790161132812, 0.00023484230041503906, 0.0002510547637939453, 0.0002593994140625, 0.0002498626708984375, 0.0002377033233642578, 0.0002319812774658203, 0.0002722740173339844, 0.0002665519714355469, 0.0002639293670654297, 0.00025582313537597656, 0.000255584716796875, 0.0002281665802001953, 0.0003211498260498047, 0.0002434253692626953, 0.0002608299255371094, 0.00030159950256347656, 0.0002639293670654297, 0.0003192424774169922, 0.0002522468566894531, 0.00025272369384765625, 0.0002357959747314453, 0.0002465248107910156, 0.00024366378784179688, 0.00025534629821777344, 0.00024509429931640625, 0.00033164024353027344, 0.00027370452880859375, 0.00023603439331054688, 0.00024580955505371094, 0.0002491474151611328, 0.0002353191375732422, 0.0002570152282714844, 0.0002346038818359375, 0.0003027915954589844, 0.00027942657470703125, 0.00023746490478515625, 0.0002579689025878906, 0.00024509429931640625, 0.00026416778564453125, 0.00022792816162109375, 0.00022983551025390625, 0.00023484230041503906, 0.00027823448181152344, 0.00024509429931640625, 0.0002570152282714844, 0.0002536773681640625, 0.0002548694610595703, 0.0002651214599609375, 0.00026798248291015625, 0.00025010108947753906, 0.0002582073211669922, 0.0002474784851074219, 0.00023317337036132812, 0.0002460479736328125, 0.0003247261047363281, 0.0002522468566894531, 0.00024056434631347656, 0.0002627372741699219, 0.00023889541625976562, 0.0002720355987548828, 0.0002391338348388672, 0.00023508071899414062, 0.00025773048400878906, 0.00025963783264160156, 0.0004596710205078125, 0.00026702880859375, 0.0002617835998535156, 0.00023317337036132812, 0.0002551078796386719, 0.00027060508728027344, 0.00023031234741210938, 0.0002694129943847656, 0.00024390220642089844, 0.00023794174194335938, 0.0002627372741699219, 0.00026106834411621094, 0.00023651123046875, 0.00028252601623535156, 0.00023317337036132812, 0.00023365020751953125, 0.00023889541625976562, 0.00022935867309570312, 0.00027251243591308594], "comm_recv": [3.9131510257720947, 3.301433563232422, 3.359236717224121, 3.2621710300445557, 3.2462494373321533, 3.273103713989258, 3.27884578704834, 3.292980432510376, 3.196000099182129, 3.264831066131592, 3.3087713718414307, 3.1816625595092773, 3.2381203174591064, 3.2466304302215576, 3.3573131561279297, 3.318134069442749, 3.2057945728302, 3.264962673187256, 3.26692795753479, 3.453489303588867, 3.2432024478912354, 3.215897560119629, 3.5302045345306396, 3.4437978267669678, 3.3824782371520996, 3.507044792175293, 3.4797511100769043, 3.436370849609375, 3.34244441986084, 3.3892598152160645, 3.506563901901245, 3.2875635623931885, 3.410268545150757, 3.4373185634613037, 3.4059979915618896, 3.4094672203063965, 3.4227287769317627, 3.311134099960327, 3.4634616374969482, 3.359874963760376, 3.4228756427764893, 3.3786215782165527, 3.3208858966827393, 3.3868045806884766, 3.279897689819336, 3.25209379196167, 3.3371803760528564, 3.3745319843292236, 3.4124021530151367, 3.370317220687866, 3.353428602218628, 3.3248066902160645, 3.290961265563965, 3.455789804458618, 3.314354658126831, 3.379812240600586, 3.633661985397339, 3.3669376373291016, 3.174529790878296, 3.358018398284912, 3.25589656829834, 3.250647783279419, 3.364872455596924, 3.7940545082092285, 3.4365129470825195, 3.434795379638672, 3.3742449283599854, 3.327406406402588, 3.3991031646728516, 3.493049144744873, 4.655487298965454, 3.3248815536499023, 3.3697850704193115, 3.2420425415039062, 3.448831081390381, 3.2777950763702393, 3.388364553451538, 3.5902254581451416, 3.3350861072540283, 3.7678823471069336, 3.412733793258667, 3.462878704071045, 3.4820148944854736, 3.4320571422576904, 3.2921388149261475, 3.8816561698913574, 3.32332181930542, 3.3169045448303223, 3.259223699569702, 3.414574384689331, 3.213378667831421, 3.3608744144439697, 3.4124832153320312, 3.3560867309570312, 3.376833438873291, 3.283749580383301, 3.3029067516326904, 3.2972445487976074, 3.6730456352233887, 3.4490625858306885],