{"times": {"train": [9.849340200424194, 3.667858123779297, 3.570380687713623, 3.5764732360839844, 3.563891887664795, 3.7341432571411133, 3.741962194442749, 3.648301362991333, 3.650681257247925, 3.775825262069702, 3.645008087158203, 3.531031608581543, 3.623363494873047, 3.5424349308013916, 3.526273012161255, 3.611029624938965, 3.5584592819213867, 3.633906602859497, 3.6455559730529785, 3.6106183528900146, 3.7282111644744873, 3.5250964164733887, 3.5377328395843506, 3.5201377868652344, 3.6235947608947754, 3.5369715690612793, 3.608428478240967, 3.652146577835083, 3.553234338760376, 3.5590991973876953, 3.6254384517669678, 3.6312665939331055, 3.513420343399048, 3.634685516357422, 3.5754952430725098, 3.554042100906372, 3.7217564582824707, 3.638383150100708, 3.761395215988159, 3.6471009254455566, 3.6341073513031006, 3.6428425312042236, 3.6671817302703857, 3.6509783267974854, 3.546225070953369, 3.5495240688323975, 3.6268627643585205, 3.623516798019409, 3.734293222427368, 3.6562318801879883, 3.6354987621307373, 3.530552387237549, 3.727715492248535, 3.741469383239746, 3.5439095497131348, 3.587355136871338, 3.5356686115264893, 3.532970428466797, 3.6226115226745605, 3.66552996635437, 3.53655743598938, 3.6314518451690674, 3.676492214202881, 3.5461184978485107, 3.732975721359253, 3.6786599159240723, 3.730498790740967, 3.7484147548675537, 3.5752973556518555, 3.5322153568267822, 5.116757154464722, 3.67356014251709, 3.662890672683716, 3.689574956893921, 3.7237534523010254, 3.665890693664551, 3.7015433311462402, 3.580042600631714, 3.5936384201049805, 3.672699213027954, 3.782381534576416, 3.7193305492401123, 3.696321487426758, 3.7661983966827393, 3.675234079360962, 3.656247854232788, 3.691209316253662, 3.626627206802368, 3.6772639751434326, 3.652432441711426, 3.5576086044311523, 3.5570414066314697, 3.8364343643188477, 3.592656135559082, 3.5746474266052246, 3.5389413833618164, 3.5671660900115967, 3.645948648452759, 3.5692710876464844, 3.583812952041626], "comm_send": [0.0003631114959716797, 0.0003249645233154297, 0.00026869773864746094, 0.00029969215393066406, 0.0002582073211669922, 0.00023865699768066406, 0.0002346038818359375, 0.00024127960205078125, 0.0002491474151611328, 0.00023508071899414062, 0.0002536773681640625, 0.00026106834411621094, 0.00023889541625976562, 0.0002574920654296875, 0.0002529621124267578, 0.000232696533203125, 0.0002589225769042969, 0.0002593994140625, 0.00023126602172851562, 0.0002624988555908203, 0.00023794174194335938, 0.00024318695068359375, 0.00027370452880859375, 0.00026488304138183594, 0.00025391578674316406, 0.00026535987854003906, 0.000232696533203125, 0.0003714561462402344, 0.0002663135528564453, 0.0002665519714355469, 0.00024271011352539062, 0.0002532005310058594, 0.0002777576446533203, 0.00023126602172851562, 0.0002522468566894531, 0.00024390220642089844, 0.0002429485321044922, 0.00023651123046875, 0.0002410411834716797, 0.00022912025451660156, 0.00024318695068359375, 0.00029754638671875, 0.00026988983154296875, 0.000240325927734375, 0.0002522468566894531, 0.00024199485778808594, 0.00023818016052246094, 0.00024175643920898438, 0.00025844573974609375, 0.0002353191375732422, 0.0002472400665283203, 0.0002627372741699219, 0.0002410411834716797, 0.00025725364685058594, 0.0002582073211669922, 0.0002586841583251953, 0.0003821849822998047, 0.0002715587615966797, 0.00025343894958496094, 0.0002486705780029297, 0.00026154518127441406, 0.00023674964904785156, 0.00024366378784179688, 0.00026488304138183594, 0.0002307891845703125, 0.0002384185791015625, 0.0002334117889404297, 0.00023293495178222656, 0.0002560615539550781, 0.00026702880859375, 0.00024509429931640625, 0.00023484230041503906, 0.0003170967102050781, 0.00025844573974609375, 0.0002503395080566406, 0.00024056434631347656, 0.0002307891845703125, 0.0002582073211669922, 0.0002605915069580078, 0.00025725364685058594, 0.00022935867309570312, 0.00022983551025390625, 0.00023365020751953125, 0.00022745132446289062, 0.0002377033233642578, 0.0002353191375732422, 0.00023674964904785156, 0.0002841949462890625, 0.00024008750915527344, 0.0002415180206298828, 0.00025343894958496094, 0.0002663135528564453, 0.0002372264862060547, 0.0002453327178955078, 0.0002620220184326172, 0.0002589225769042969, 0.0002624988555908203, 0.0002319812774658203, 0.0002751350402832031, 0.0002541542053222656], "comm_recv": [3.9777731895446777, 3.2627460956573486, 3.383878469467163, 3.4591476917266846, 3.28817081451416, 3.1667635440826416, 3.165242910385132, 3.238011121749878, 3.3308396339416504, 3.2176871299743652, 3.3323352336883545, 3.3465747833251953, 3.2936556339263916, 3.458477258682251, 3.4347610473632812, 3.3619022369384766, 3.3024210929870605, 3.296373128890991, 3.2123544216156006, 3.3780219554901123, 3.2095515727996826, 3.351684093475342, 3.560483455657959, 3.4815776348114014, 3.3371927738189697, 3.5023880004882812, 3.417102098464966, 3.318995475769043, 3.5386881828308105, 3.473853826522827, 3.520874500274658, 3.448371648788452, 3.448343515396118, 3.363180637359619, 3.404940605163574, 3.4156336784362793, 3.2746458053588867, 3.33866548538208, 3.3721306324005127, 3.372451066970825, 3.340461015701294, 3.3388614654541016, 3.355954885482788, 3.382251262664795, 3.427870035171509, 3.4136340618133545, 3.324047327041626, 3.4161312580108643, 3.2297115325927734, 3.3644089698791504, 3.28285551071167, 3.467128276824951, 3.3188703060150146, 3.2573652267456055, 3.4922165870666504, 3.4374876022338867, 3.869523286819458, 3.5190610885620117, 3.3174009323120117, 3.2366220951080322, 3.2775585651397705, 3.1661155223846436, 3.252352476119995, 3.8089230060577393, 3.2738120555877686, 3.3060429096221924, 3.230639696121216, 3.239497423171997, 3.3900184631347656, 3.6241278648376465, 3.195348024368286, 3.195331573486328, 3.3621749877929688, 3.257852077484131, 3.2416837215423584, 3.257802724838257, 3.3459954261779785, 3.582185745239258, 3.5365660190582275, 3.6423087120056152, 3.2092957496643066, 3.3186614513397217, 3.3098883628845215, 3.2502830028533936, 3.2383432388305664, 3.768173933029175, 3.2805495262145996, 3.419598340988159, 3.1629250049591064, 3.4080116748809814, 3.2994704246520996, 3.373936414718628, 3.22990345954895, 3.3487980365753174, 3.338909864425659, 3.50260329246521, 3.391111135482788, 3.3039321899414062, 3.9437472820281982, 3.389814853668213],