{"times": {"train": [9.862343788146973, 3.592989444732666, 3.8397393226623535, 3.754183769226074, 3.596423864364624, 3.613166093826294, 3.758164405822754, 3.695849657058716, 3.5839099884033203, 3.5929834842681885, 3.7685492038726807, 3.5930233001708984, 3.5794787406921387, 3.759185791015625, 3.804861068725586, 3.7425906658172607, 3.5597105026245117, 3.537273645401001, 3.6400516033172607, 3.754643201828003, 3.5639870166778564, 3.6458048820495605, 3.569887638092041, 3.643866539001465, 3.682826519012451, 3.6304023265838623, 3.735443353652954, 3.5272216796875, 3.519705295562744, 3.6644749641418457, 3.737802505493164, 3.633352279663086, 3.749784469604492, 3.589276075363159, 3.662566661834717, 3.65531063079834, 3.5884056091308594, 3.6468732357025146, 3.8390793800354004, 3.739126205444336, 3.562375068664551, 3.575606346130371, 3.5693280696868896, 3.738908052444458, 3.653900623321533, 3.537975311279297, 3.5998010635375977, 3.7392725944519043, 3.575331211090088, 3.5361404418945312, 3.6507227420806885, 3.68402099609375, 3.734802007675171, 3.5506181716918945, 3.5383386611938477, 3.6046411991119385, 3.6539645195007324, 3.605010509490967, 3.754757881164551, 3.6402509212493896, 3.5440051555633545, 3.555795192718506, 3.5659332275390625, 3.5527734756469727, 3.558711528778076, 3.646933078765869, 3.660069465637207, 3.681598663330078, 3.7176706790924072, 3.8373935222625732, 3.605414628982544, 3.6719412803649902, 3.841618299484253, 3.524702787399292, 3.660783290863037, 3.5313377380371094, 3.762685775756836, 3.723820447921753, 3.5594067573547363, 3.633169412612915, 3.569287061691284, 3.7631947994232178, 3.575416326522827, 3.6838479042053223, 3.579340934753418, 3.5507633686065674, 3.660465955734253, 3.756338357925415, 3.644083261489868, 3.843276023864746, 3.5529983043670654, 3.5837459564208984, 3.8406662940979004, 3.672076463699341, 3.5765106678009033, 3.6425421237945557, 3.6698780059814453, 3.659710645675659, 3.7423040866851807, 3.7476603984832764], "comm_send": [0.00027823448181152344, 0.00026679039001464844, 0.00023508071899414062, 0.0002262592315673828, 0.00024008750915527344, 0.0002911090850830078, 0.0002300739288330078, 0.0002276897430419922, 0.0002658367156982422, 0.0002415180206298828, 0.00023102760314941406, 0.00025773048400878906, 0.00024127960205078125, 0.00022721290588378906, 0.00022101402282714844, 0.00022292137145996094, 0.00023794174194335938, 0.00027751922607421875, 0.00025534629821777344, 0.00022649765014648438, 0.0002791881561279297, 0.0002675056457519531, 0.00033211708068847656, 0.0002396106719970703, 0.00023055076599121094, 0.0002434253692626953, 0.00022411346435546875, 0.0002605915069580078, 0.0004031658172607422, 0.00023436546325683594, 0.0002377033233642578, 0.0002532005310058594, 0.0002338886260986328, 0.00024318695068359375, 0.00023484230041503906, 0.00028824806213378906, 0.00023984909057617188, 0.0003256797790527344, 0.00023031234741210938, 0.0002334117889404297, 0.00024962425231933594, 0.000293731689453125, 0.00027060508728027344, 0.0002300739288330078, 0.0002353191375732422, 0.0003094673156738281, 0.00027060508728027344, 0.00023508071899414062, 0.00024175643920898438, 0.0002593994140625, 0.00023436546325683594, 0.00024890899658203125, 0.00023245811462402344, 0.0002429485321044922, 0.00033092498779296875, 0.0002391338348388672, 0.00023698806762695312, 0.0002522468566894531, 0.00022339820861816406, 0.00025773048400878906, 0.0002942085266113281, 0.00024437904357910156, 0.00025177001953125, 0.0003056526184082031, 0.00026702880859375, 0.0002300739288330078, 0.00025200843811035156, 0.0002384185791015625, 0.00039124488830566406, 0.00022339820861816406, 0.0002777576446533203, 0.0002772808074951172, 0.00023126602172851562, 0.00025272369384765625, 0.00023365020751953125, 0.0002741813659667969, 0.00022292137145996094, 0.00022530555725097656, 0.0002841949462890625, 0.0002803802490234375, 0.00025773048400878906, 0.0002315044403076172, 0.00025773048400878906, 0.0002307891845703125, 0.00023865699768066406, 0.0002589225769042969, 0.00023746490478515625, 0.0002315044403076172, 0.0002396106719970703, 0.00022363662719726562, 0.00025534629821777344, 0.00023746490478515625, 0.00022673606872558594, 0.00022935867309570312, 0.00022077560424804688, 0.0002777576446533203, 0.00027441978454589844, 0.0003921985626220703, 0.00022721290588378906, 0.00022840499877929688], "comm_recv": [3.964261770248413, 3.350980281829834, 3.1173689365386963, 3.280331611633301, 3.256537437438965, 3.288142204284668, 3.148151397705078, 3.1678407192230225, 3.3975021839141846, 3.40059494972229, 3.209993839263916, 3.284776449203491, 3.3378937244415283, 3.2423934936523438, 3.15696382522583, 3.2303566932678223, 3.301398277282715, 3.392171859741211, 3.2177367210388184, 3.2336924076080322, 3.372346878051758, 3.2047998905181885, 3.5282154083251953, 3.3589773178100586, 3.2781574726104736, 3.4085822105407715, 3.2894692420959473, 3.4769446849823, 3.5423672199249268, 3.3664300441741943, 3.408921003341675, 3.447160482406616, 3.212615489959717, 3.408567190170288, 3.3183000087738037, 3.3147692680358887, 3.4087183475494385, 3.329721212387085, 3.293959140777588, 3.2803359031677246, 3.4126908779144287, 3.4055209159851074, 3.453033924102783, 3.2945821285247803, 3.325167179107666, 3.4247069358825684, 3.3494551181793213, 3.3003387451171875, 3.388228416442871, 3.4841699600219727, 3.2674741744995117, 3.314116954803467, 3.311890125274658, 3.4489123821258545, 3.4980759620666504, 3.419778823852539, 3.7519619464874268, 3.4475913047790527, 3.1857402324676514, 3.262882709503174, 3.270268440246582, 3.242116928100586, 3.363420009613037, 3.8053982257843018, 3.465001106262207, 3.321847438812256, 3.3418233394622803, 3.2964398860931396, 3.247786521911621, 3.319932460784912, 4.708436489105225, 3.1965155601501465, 3.183887481689453, 3.4222376346588135, 3.3044934272766113, 3.3920810222625732, 3.2843127250671387, 3.436067819595337, 3.569363832473755, 3.6860573291778564, 3.422079086303711, 3.274893045425415, 3.430365800857544, 3.332967519760132, 3.3343636989593506, 3.873425006866455, 3.312354564666748, 3.290581703186035, 3.1951234340667725, 3.2167627811431885, 3.303316354751587, 3.347526788711548, 3.225766181945801, 3.269803524017334, 3.348315715789795, 3.3989477157592773, 3.2937588691711426, 3.2899434566497803, 3.771115779876709, 3.2292091846466064],