{"times": {"train": [9.649935245513916, 3.662595748901367, 3.649019956588745, 3.6476166248321533, 3.534031391143799, 3.680171251296997, 3.5476253032684326, 3.649824380874634, 3.6318411827087402, 3.5407841205596924, 3.6207797527313232, 3.640719413757324, 3.6656088829040527, 3.6214101314544678, 3.6595242023468018, 3.6629514694213867, 3.5211477279663086, 3.553218364715576, 3.6415820121765137, 3.618265151977539, 3.550337314605713, 3.6418373584747314, 3.835629463195801, 3.5504777431488037, 3.6261258125305176, 3.581620931625366, 3.5493204593658447, 3.621307611465454, 3.755265712738037, 3.570258855819702, 3.60770320892334, 3.7330093383789062, 3.6337320804595947, 3.7332212924957275, 3.650308132171631, 3.7395360469818115, 3.6363332271575928, 3.6308751106262207, 3.5681912899017334, 3.619452953338623, 3.564784526824951, 3.6403937339782715, 3.729712724685669, 3.6525216102600098, 3.559352397918701, 3.538121223449707, 3.5335121154785156, 3.7878034114837646, 3.6635899543762207, 3.6374170780181885, 3.562349319458008, 3.6835527420043945, 3.5814335346221924, 3.7619311809539795, 3.7459497451782227, 3.7683796882629395, 3.5426881313323975, 3.6417019367218018, 3.6398794651031494, 3.573212146759033, 3.633561134338379, 3.6396727561950684, 3.5085651874542236, 3.6323375701904297, 3.7487239837646484, 3.62005615234375, 3.535489797592163, 3.6485934257507324, 3.732813835144043, 3.735539674758911, 3.584587574005127, 3.560746431350708, 3.6154375076293945, 3.64239239692688, 3.7296502590179443, 3.5741913318634033, 3.5985238552093506, 3.5275232791900635, 3.631653308868408, 3.612834930419922, 3.618769645690918, 3.650979995727539, 3.6383843421936035, 3.6701953411102295, 3.6399853229522705, 3.6299984455108643, 3.5319695472717285, 3.724325180053711, 3.627735137939453, 3.654616594314575, 3.6422173976898193, 3.679304599761963, 3.565286874771118, 3.618279218673706, 3.5572316646575928, 3.728287935256958, 3.646986484527588, 3.5689449310302734, 3.7384350299835205, 3.564511775970459], "comm_send": [0.00029468536376953125, 0.00027441978454589844, 0.0002810955047607422, 0.0002446174621582031, 0.0002574920654296875, 0.000232696533203125, 0.00027751922607421875, 0.0002319812774658203, 0.00023627281188964844, 0.00030517578125, 0.0002484321594238281, 0.00022912025451660156, 0.00023102760314941406, 0.0002925395965576172, 0.0002741813659667969, 0.00023412704467773438, 0.00025916099548339844, 0.00025963783264160156, 0.0002605915069580078, 0.0002639293670654297, 0.0002639293670654297, 0.00024199485778808594, 0.0002200603485107422, 0.00025653839111328125, 0.0002930164337158203, 0.0002529621124267578, 0.0002372264862060547, 0.00023818016052246094, 0.00027561187744140625, 0.0002646446228027344, 0.0002372264862060547, 0.0002357959747314453, 0.00022864341735839844, 0.00023055076599121094, 0.0002703666687011719, 0.00022983551025390625, 0.00023508071899414062, 0.00023484230041503906, 0.00024318695068359375, 0.00023937225341796875, 0.00025272369384765625, 0.00025177001953125, 0.00026869773864746094, 0.00024271011352539062, 0.000293731689453125, 0.0002655982971191406, 0.00027441978454589844, 0.0002675056457519531, 0.0002598762512207031, 0.0002491474151611328, 0.0002465248107910156, 0.00023937225341796875, 0.00031685829162597656, 0.00022864341735839844, 0.0002720355987548828, 0.00023698806762695312, 0.0002777576446533203, 0.00024199485778808594, 0.00024700164794921875, 0.0002529621124267578, 0.00022840499877929688, 0.00026226043701171875, 0.0002665519714355469, 0.000278472900390625, 0.0003237724304199219, 0.00024700164794921875, 0.0002727508544921875, 0.0002713203430175781, 0.00023627281188964844, 0.0004875659942626953, 0.00023794174194335938, 0.0003750324249267578, 0.00026488304138183594, 0.0002567768096923828, 0.0002589225769042969, 0.00025844573974609375, 0.00024199485778808594, 0.00028014183044433594, 0.00023031234741210938, 0.00025081634521484375, 0.0002532005310058594, 0.0002522468566894531, 0.0002415180206298828, 0.00024127960205078125, 0.00025010108947753906, 0.0002465248107910156, 0.0002703666687011719, 0.0002818107604980469, 0.00024700164794921875, 0.0002391338348388672, 0.00024247169494628906, 0.00023603439331054688, 0.00024890899658203125, 0.00023746490478515625, 0.0002644062042236328, 0.0002257823944091797, 0.0002307891845703125, 0.0002651214599609375, 0.0002319812774658203, 0.0003459453582763672], "comm_recv": [4.176814794540405, 3.2817864418029785, 3.308478832244873, 3.3884389400482178, 3.319305181503296, 3.221592903137207, 3.3595285415649414, 3.236196756362915, 3.349766731262207, 3.45314621925354, 3.358370304107666, 3.237682342529297, 3.2529006004333496, 3.380892038345337, 3.3019838333129883, 3.3110244274139404, 3.340416431427002, 3.3780322074890137, 3.2161173820495605, 3.3703866004943848, 3.387327194213867, 3.23533034324646, 3.264338970184326, 3.452374219894409, 3.334871768951416, 3.4583778381347656, 3.476945638656616, 3.3530189990997314, 3.336792230606079, 3.4630308151245117, 3.5401930809020996, 3.3480474948883057, 3.3288300037384033, 3.265333890914917, 3.3309342861175537, 3.231025457382202, 3.3614439964294434, 3.347303867340088, 3.5657289028167725, 3.4005720615386963, 3.411165952682495, 3.3419134616851807, 3.2941107749938965, 3.3816075325012207, 3.41965389251709, 3.4248006343841553, 3.4177212715148926, 3.2526493072509766, 3.2996695041656494, 3.382970094680786, 3.3565969467163086, 3.3151872158050537, 3.465329885482788, 3.2395071983337402, 3.290666103363037, 3.257070779800415, 3.8634297847747803, 3.4120588302612305, 3.300581455230713, 3.3295135498046875, 3.181945323944092, 3.1579065322875977, 3.4201741218566895, 3.727506637573242, 3.2588226795196533, 3.3660504817962646, 3.454974889755249, 3.3398468494415283, 3.2334978580474854, 3.421417474746704, 4.730229377746582, 3.307648181915283, 3.41048002243042, 3.305638551712036, 3.2360458374023438, 3.3501181602478027, 3.449833393096924, 3.631953239440918, 3.496429920196533, 3.707476854324341, 3.3725507259368896, 3.388260841369629, 3.368727445602417, 3.347574472427368, 3.273907423019409, 3.7956366539001465, 3.4405415058135986, 3.3220765590667725, 3.213146448135376, 3.4059386253356934, 3.215089797973633, 3.2526965141296387, 3.5019690990448, 3.323911428451538, 3.368107795715332, 3.3135504722595215, 3.317622661590576, 3.380586624145508, 3.7761363983154297, 3.4127039909362793],