{"times": {"train": [5.881726264953613, 1.6000096797943115, 1.5181055068969727, 1.6051671504974365, 1.6507363319396973, 1.6173765659332275, 1.4881923198699951, 1.5019810199737549, 1.4461939334869385, 1.6327130794525146, 1.7574803829193115, 1.598022222518921, 1.758669137954712, 1.480747938156128, 1.5991523265838623, 1.6413640975952148, 1.6284396648406982, 1.5199363231658936, 1.7975883483886719, 1.7865409851074219, 1.6063060760498047, 1.450819969177246, 1.7665536403656006, 1.490401029586792, 1.4466397762298584, 1.6344788074493408, 1.5207123756408691, 1.4840936660766602, 1.6401658058166504, 1.7779176235198975, 1.6392781734466553, 1.6480062007904053, 1.6258509159088135, 1.515840768814087, 1.5189464092254639, 1.6098823547363281, 1.6777119636535645, 1.5079560279846191, 1.7564518451690674, 1.5004351139068604, 1.627305269241333, 1.6299560070037842, 1.446329116821289, 1.4876306056976318, 1.6364634037017822, 1.7471277713775635, 1.455134391784668, 1.7907485961914062, 1.6078670024871826, 1.7978293895721436, 1.7210936546325684, 1.626523733139038, 1.4710869789123535, 1.4646470546722412, 1.533005714416504, 1.7773151397705078, 1.591801404953003, 1.6353542804718018, 1.6242930889129639, 1.7885231971740723, 1.6176013946533203, 1.6267964839935303, 1.6541476249694824, 1.4687612056732178, 1.472114086151123, 1.5463416576385498, 1.5999557971954346, 1.7595117092132568, 1.5972681045532227, 1.5377280712127686, 1.4895198345184326, 1.4944803714752197, 1.7198398113250732, 1.4421250820159912, 1.4718098640441895, 1.5837898254394531, 1.6381316184997559, 1.6205329895019531, 1.5228216648101807, 1.6373851299285889, 1.7441883087158203, 1.6181926727294922, 1.5141148567199707, 1.6333589553833008, 1.4879801273345947, 1.61918306350708, 1.4645087718963623, 1.4432790279388428, 1.481374979019165, 1.4204967021942139, 1.605635166168213, 1.462376594543457, 1.580590009689331, 1.4423506259918213, 1.4195911884307861, 1.5371453762054443, 1.6050336360931396, 1.4555084705352783, 1.6220800876617432, 1.4730417728424072], "comm_send": [0.00021648406982421875, 0.00021266937255859375, 0.0002110004425048828, 0.00027942657470703125, 0.0001857280731201172, 0.00018978118896484375, 0.000209808349609375, 0.00019788742065429688, 0.00020384788513183594, 0.0001952648162841797, 0.00021719932556152344, 0.0001914501190185547, 0.00018072128295898438, 0.0001900196075439453, 0.00017523765563964844, 0.00017762184143066406, 0.00018477439880371094, 0.0001919269561767578, 0.0001747608184814453, 0.0001761913299560547, 0.00018835067749023438, 0.0001919269561767578, 0.0001823902130126953, 0.0001914501190185547, 0.00020742416381835938, 0.0001900196075439453, 0.00021910667419433594, 0.00020575523376464844, 0.00018167495727539062, 0.00018215179443359375, 0.00020647048950195312, 0.000179290771484375, 0.0001800060272216797, 0.0001728534698486328, 0.00019049644470214844, 0.00018262863159179688, 0.0001842975616455078, 0.00020456314086914062, 0.00017642974853515625, 0.0001900196075439453, 0.0001819133758544922, 0.00018334388732910156, 0.00022411346435546875, 0.0001933574676513672, 0.00020456314086914062, 0.0001811981201171875, 0.00019812583923339844, 0.00018715858459472656, 0.0001895427703857422, 0.00018525123596191406, 0.00018358230590820312, 0.00018715858459472656, 0.00020694732666015625, 0.00020623207092285156, 0.00018262863159179688, 0.000179290771484375, 0.00019288063049316406, 0.0001842975616455078, 0.00017499923706054688, 0.00017189979553222656, 0.0001862049102783203, 0.00020503997802734375, 0.0001761913299560547, 0.00020170211791992188, 0.00019121170043945312, 0.00018143653869628906, 0.00019288063049316406, 0.0001785755157470703, 0.0001819133758544922, 0.0001819133758544922, 0.0002269744873046875, 0.0002243518829345703, 0.0001773834228515625, 0.00021600723266601562, 0.0002086162567138672, 0.00024771690368652344, 0.00017786026000976562, 0.0001857280731201172, 0.00019502639770507812, 0.00017762184143066406, 0.00017571449279785156, 0.00017595291137695312, 0.0001938343048095703, 0.0001766681671142578, 0.00019693374633789062, 0.0001957416534423828, 0.00019240379333496094, 0.0002465248107910156, 0.0001933574676513672, 0.00020051002502441406, 0.00019598007202148438, 0.0002002716064453125, 0.00021386146545410156, 0.00020170211791992188, 0.00026345252990722656, 0.0001838207244873047, 0.00019121170043945312, 0.00022983551025390625, 0.00018215179443359375, 0.00023937225341796875], "comm_recv": [0.0017364025115966797, 2.7157559394836426, 2.8163516521453857, 2.7691147327423096, 2.695413589477539, 2.788041830062866, 2.89220929145813, 2.8805904388427734, 0.0018320083618164062, 2.7828292846679688, 2.6315438747406006, 2.670804738998413, 2.600296974182129, 2.782580852508545, 2.639320135116577, 2.735715627670288, 2.5289506912231445, 3.498579502105713, 2.628444194793701, 2.5097079277038574, 3.3292043209075928, 2.8417928218841553, 2.688572883605957, 2.9522979259490967, 2.9590325355529785, 2.746900796890259, 2.8612613677978516, 2.9351649284362793, 2.752842426300049, 2.6590898036956787, 3.3596315383911133, 2.8037424087524414, 2.6890270709991455, 2.869060516357422, 2.886815071105957, 2.8400564193725586, 2.609095573425293, 2.7354366779327393, 2.6278841495513916, 2.923046112060547, 2.731842517852783, 2.6624724864959717, 0.0017616748809814453, 2.8792643547058105, 2.765174388885498, 2.4969024658203125, 0.00189971923828125, 2.4561679363250732, 2.760077476501465, 2.433189868927002, 2.6862707138061523, 2.7349140644073486, 2.8554739952087402, 2.885936737060547, 2.826997995376587, 2.4662556648254395, 2.694415330886841, 2.5613510608673096, 2.7291276454925537, 2.581291913986206, 2.737208843231201, 2.7022228240966797, 3.2895495891571045, 2.860041379928589, 2.8554611206054688, 2.8027656078338623, 3.2901692390441895, 2.581766128540039, 2.5618953704833984, 2.7516884803771973, 2.856748104095459, 2.837041139602661, 2.557121753692627, 0.001790761947631836, 2.9179980754852295, 2.6005918979644775, 2.580085039138794, 2.6589112281799316, 2.7282447814941406, 2.5724968910217285, 2.4406261444091797, 2.6079797744750977, 2.642256736755371, 2.6166465282440186, 2.919435739517212, 2.729273796081543, 0.001802206039428711, 0.001741170883178711, 2.9208476543426514, 0.0017507076263427734, 2.6641438007354736, 2.876596689224243, 2.6917197704315186, 0.0017600059509277344, 0.0018460750579833984, 2.7097482681274414, 2.7331175804138184, 0.001775979995727539, 2.809553861618042, 0.0020029544830322266],