{"times": {"train": [5.789458513259888, 1.579972505569458, 1.779994010925293, 1.4434959888458252, 1.7482635974884033, 1.469459056854248, 1.498138189315796, 1.6310656070709229, 1.6136717796325684, 1.4902832508087158, 1.4773900508880615, 1.5968077182769775, 1.6408002376556396, 1.6042308807373047, 1.5810766220092773, 1.5175769329071045, 1.5078802108764648, 1.424311637878418, 1.477909803390503, 1.492504358291626, 1.4766995906829834, 1.6173031330108643, 1.4219024181365967, 1.4765725135803223, 1.5846076011657715, 1.4397234916687012, 1.4733307361602783, 1.4208095073699951, 1.591571569442749, 1.62827467918396, 1.470252275466919, 1.4418776035308838, 1.736344337463379, 1.449634075164795, 1.588003158569336, 1.4789471626281738, 1.6064834594726562, 1.6664421558380127, 1.6023950576782227, 1.601419448852539, 1.4534697532653809, 1.6369199752807617, 1.7535088062286377, 1.449087142944336, 1.4534082412719727, 1.4531562328338623, 1.749666452407837, 1.4628510475158691, 1.3934330940246582, 1.6042168140411377, 1.4527227878570557, 1.6592936515808105, 1.4561917781829834, 1.6177372932434082, 1.4846394062042236, 1.5834434032440186, 1.4648804664611816, 1.4819438457489014, 1.4953858852386475, 1.7570936679840088, 1.777834415435791, 1.6508119106292725, 1.4442031383514404, 1.4503507614135742, 1.7467660903930664, 1.4672071933746338, 1.6234798431396484, 1.5048084259033203, 1.6020174026489258, 1.6153671741485596, 1.4711253643035889, 1.5994231700897217, 1.6262094974517822, 1.6087968349456787, 1.5073277950286865, 1.6127569675445557, 1.4765551090240479, 1.4585070610046387, 1.4664053916931152, 1.744476556777954, 1.4450740814208984, 1.4541380405426025, 1.6167855262756348, 1.5309062004089355, 1.6165499687194824, 1.4943091869354248, 1.772261381149292, 1.601759433746338, 1.654998540878296, 1.4467239379882812, 1.6331660747528076, 1.6300864219665527, 1.5020313262939453, 1.6289823055267334, 1.6377456188201904, 1.4634647369384766, 1.466475248336792, 1.7567753791809082, 1.6909403800964355, 1.6070139408111572], "comm_send": [0.00020766258239746094, 0.0001857280731201172, 0.00019049644470214844, 0.0002028942108154297, 0.0001857280731201172, 0.00023245811462402344, 0.00020694732666015625, 0.00020503997802734375, 0.00018835067749023438, 0.00019121170043945312, 0.00020074844360351562, 0.00018310546875, 0.00018286705017089844, 0.0003032684326171875, 0.0001888275146484375, 0.000179290771484375, 0.00019407272338867188, 0.00023674964904785156, 0.0002110004425048828, 0.00020360946655273438, 0.00021338462829589844, 0.0001926422119140625, 0.00019621849060058594, 0.00020170211791992188, 0.0001850128173828125, 0.0002846717834472656, 0.0001914501190185547, 0.00020503997802734375, 0.00018310546875, 0.0001804828643798828, 0.0001900196075439453, 0.0001938343048095703, 0.0001766681671142578, 0.00020003318786621094, 0.00018095970153808594, 0.0001964569091796875, 0.00018143653869628906, 0.00020647048950195312, 0.00020051002502441406, 0.0001804828643798828, 0.00020122528076171875, 0.00017714500427246094, 0.00017452239990234375, 0.00019311904907226562, 0.00019407272338867188, 0.00020003318786621094, 0.000209808349609375, 0.0001811981201171875, 0.0002696514129638672, 0.00020194053649902344, 0.00019407272338867188, 0.00021910667419433594, 0.00021719932556152344, 0.00017642974853515625, 0.00018525123596191406, 0.00018095970153808594, 0.0001983642578125, 0.00018930435180664062, 0.00018477439880371094, 0.00029277801513671875, 0.0001761913299560547, 0.00017452239990234375, 0.0002014636993408203, 0.00020623207092285156, 0.00018477439880371094, 0.00018548965454101562, 0.0001876354217529297, 0.0002090930938720703, 0.00017881393432617188, 0.00017380714416503906, 0.00019216537475585938, 0.0001742839813232422, 0.0002033710479736328, 0.00018739700317382812, 0.00020360946655273438, 0.00018167495727539062, 0.0002276897430419922, 0.0002760887145996094, 0.00020170211791992188, 0.0001766681671142578, 0.0002067089080810547, 0.00021648406982421875, 0.0001800060272216797, 0.0001933574676513672, 0.00017976760864257812, 0.0002040863037109375, 0.00017404556274414062, 0.00018525123596191406, 0.0001766681671142578, 0.0002243518829345703, 0.0001900196075439453, 0.00017404556274414062, 0.00020241737365722656, 0.00017881393432617188, 0.00017881393432617188, 0.0001971721649169922, 0.00019598007202148438, 0.00017786026000976562, 0.0001804828643798828, 0.00017952919006347656], "comm_recv": [0.0018570423126220703, 2.077871799468994, 2.5161185264587402, 0.0018978118896484375, 2.6451783180236816, 0.0018415451049804688, 2.925893545150757, 2.7534897327423096, 2.765517234802246, 3.5089895725250244, 2.917093276977539, 2.7921152114868164, 2.626408576965332, 2.759660482406616, 2.6769397258758545, 2.7207977771759033, 2.8688626289367676, 0.0016994476318359375, 0.0017616748809814453, 0.002138376235961914, 0.0017113685607910156, 3.3405697345733643, 0.0019452571868896484, 3.000278949737549, 2.8584611415863037, 2.9736075401306152, 2.907191514968872, 0.0018050670623779297, 2.845183849334717, 2.7652499675750732, 0.0016803741455078125, 0.0018191337585449219, 2.732576608657837, 2.867175817489624, 2.797245979309082, 0.0017383098602294922, 2.866103172302246, 2.615816831588745, 2.6434223651885986, 2.781350612640381, 2.96982479095459, 2.7222588062286377, 2.5386078357696533, 2.933637857437134, 0.0017671585083007812, 0.0018842220306396484, 2.514741897583008, 2.887113571166992, 0.001703500747680664, 2.7830123901367188, 0.0017828941345214844, 2.768105983734131, 2.904344081878662, 2.715219736099243, 2.859649181365967, 2.776576519012451, 2.778578042984009, 2.8107473850250244, 2.7001235485076904, 2.5974175930023193, 2.5917301177978516, 2.704166889190674, 2.884521961212158, 3.4927797317504883, 2.5832791328430176, 2.853703498840332, 2.7249960899353027, 3.3846518993377686, 2.738764762878418, 2.5437991619110107, 2.817763328552246, 2.7425148487091064, 2.705512523651123, 2.6679885387420654, 2.580483913421631, 2.7609288692474365, 0.0016562938690185547, 0.00160980224609375, 0.0018825531005859375, 2.526385545730591, 0.0017981529235839844, 0.001779317855834961, 2.630359649658203, 2.6253809928894043, 2.6398167610168457, 2.9065475463867188, 2.575530767440796, 2.6673052310943604, 2.554980993270874, 0.0018045902252197266, 2.7510998249053955, 2.6159591674804688, 2.836756467819214, 2.642454147338867, 2.7279086112976074, 2.5957224369049072, 0.001714944839477539, 2.5982775688171387, 2.55147123336792, 2.804384469985962],