{"times": {"train": [5.610489130020142, 1.796872615814209, 1.6251673698425293, 1.7644047737121582, 1.8006396293640137, 1.6061162948608398, 1.4466588497161865, 1.4278590679168701, 1.4365966320037842, 1.4735133647918701, 1.5314819812774658, 1.4924626350402832, 1.7619411945343018, 1.4807140827178955, 1.4227287769317627, 1.6388556957244873, 1.4701614379882812, 1.6166245937347412, 1.7452130317687988, 1.4975502490997314, 1.535944938659668, 1.7678954601287842, 1.6110787391662598, 1.7511577606201172, 1.4674756526947021, 1.4247119426727295, 1.6098828315734863, 1.618744134902954, 1.7560398578643799, 1.7624449729919434, 1.5005912780761719, 1.469635009765625, 1.611832618713379, 1.636162519454956, 1.6330676078796387, 1.616682529449463, 1.662085771560669, 1.76047945022583, 1.9157474040985107, 1.6185405254364014, 1.492699384689331, 1.4280381202697754, 1.7776834964752197, 1.4945635795593262, 1.770906686782837, 1.7466731071472168, 1.639497995376587, 1.5383851528167725, 1.4490711688995361, 1.7556145191192627, 1.5922975540161133, 1.507772445678711, 1.7297089099884033, 1.4414284229278564, 1.7286617755889893, 1.4558017253875732, 1.6430604457855225, 1.4481897354125977, 1.6136596202850342, 1.4390830993652344, 1.4789018630981445, 1.6462020874023438, 1.6128010749816895, 1.4750761985778809, 1.4522991180419922, 1.5852758884429932, 1.7482562065124512, 1.6083199977874756, 1.7482020854949951, 1.420379400253296, 1.6650395393371582, 1.6094255447387695, 1.4752771854400635, 1.4511229991912842, 1.7532050609588623, 1.4420099258422852, 1.6202213764190674, 1.7477715015411377, 1.5272397994995117, 1.4744536876678467, 1.5236530303955078, 1.781217098236084, 1.611497402191162, 1.6353602409362793, 1.6658005714416504, 1.768209457397461, 1.7712733745574951, 1.8349244594573975, 1.7955293655395508, 1.6203947067260742, 1.7601819038391113, 1.6087093353271484, 1.6279709339141846, 1.637110948562622, 1.6297972202301025, 1.4672002792358398, 1.4728763103485107, 1.4503734111785889, 1.6197552680969238, 1.4478750228881836], "comm_send": [0.00020074844360351562, 0.0001800060272216797, 0.00019097328186035156, 0.00017786026000976562, 0.0001747608184814453, 0.0001819133758544922, 0.00020170211791992188, 0.00020837783813476562, 0.00021004676818847656, 0.00020575523376464844, 0.00019621849060058594, 0.00021600723266601562, 0.00020647048950195312, 0.00020051002502441406, 0.0002334117889404297, 0.00013875961303710938, 0.00017976760864257812, 0.000186920166015625, 0.00016999244689941406, 0.0001957416534423828, 0.0001995563507080078, 0.0001723766326904297, 0.00018286705017089844, 0.00018095970153808594, 0.00020194053649902344, 0.000209808349609375, 0.00018787384033203125, 0.00018310546875, 0.0001766681671142578, 0.000209808349609375, 0.00022125244140625, 0.00020742416381835938, 0.00022792816162109375, 0.00018024444580078125, 0.0001761913299560547, 0.00017714500427246094, 0.0002105236053466797, 0.00017881393432617188, 0.00017762184143066406, 0.0001735687255859375, 0.0002143383026123047, 0.0001990795135498047, 0.00017547607421875, 0.00017547607421875, 0.00017714500427246094, 0.00018215179443359375, 0.00019073486328125, 0.00017547607421875, 0.00019550323486328125, 0.00017547607421875, 0.00019216537475585938, 0.00019311904907226562, 0.00020432472229003906, 0.00019931793212890625, 0.0001766681671142578, 0.000232696533203125, 0.00022077560424804688, 0.00020694732666015625, 0.00018334388732910156, 0.00020074844360351562, 0.00019359588623046875, 0.000186920166015625, 0.00018262863159179688, 0.0002460479736328125, 0.0001995563507080078, 0.00018787384033203125, 0.00017213821411132812, 0.00019025802612304688, 0.00025081634521484375, 0.00022101402282714844, 0.00017595291137695312, 0.00017380714416503906, 0.00021600723266601562, 0.00019812583923339844, 0.000179290771484375, 0.0001964569091796875, 0.00017213821411132812, 0.00017189979553222656, 0.00018286705017089844, 0.00019502639770507812, 0.00019288063049316406, 0.00018024444580078125, 0.00020766258239746094, 0.00018286705017089844, 0.00017261505126953125, 0.00017404556274414062, 0.00017762184143066406, 0.00017261505126953125, 0.00017762184143066406, 0.00018072128295898438, 0.00017452239990234375, 0.00018167495727539062, 0.00018215179443359375, 0.00017523765563964844, 0.0001926422119140625, 0.00019216537475585938, 0.00019431114196777344, 0.0002052783966064453, 0.00018310546875, 0.0001957416534423828], "comm_recv": [0.0019659996032714844, 2.0379934310913086, 2.6707541942596436, 2.57488751411438, 2.5744855403900146, 2.735257148742676, 0.0016908645629882812, 0.0018503665924072266, 0.0018563270568847656, 3.5471725463867188, 2.859565496444702, 0.0017428398132324219, 2.5228779315948486, 2.8805363178253174, 0.001651763916015625, 2.616060495376587, 2.9071359634399414, 2.540696859359741, 3.2715580463409424, 2.9311776161193848, 2.757446765899658, 3.167165756225586, 2.683032989501953, 2.7063941955566406, 2.9715936183929443, 0.001863241195678711, 2.7924375534057617, 2.7592573165893555, 2.6662070751190186, 2.6317977905273438, 2.9358205795288086, 3.5306708812713623, 2.8393311500549316, 2.679436445236206, 2.746957540512085, 2.7949349880218506, 2.7885255813598633, 2.5238494873046875, 2.3284265995025635, 2.7597317695617676, 2.929743766784668, 2.937319755554199, 2.5151021480560303, 2.8811893463134766, 2.579545497894287, 2.6516809463500977, 2.602268695831299, 2.8169922828674316, 2.7755277156829834, 2.6117615699768066, 2.639808177947998, 2.8982646465301514, 2.631405830383301, 0.0017397403717041016, 2.636204719543457, 2.9040536880493164, 2.5984764099121094, 0.0018258094787597656, 2.598926305770874, 2.9152817726135254, 2.894927978515625, 2.7078399658203125, 2.717884063720703, 3.464607000350952, 0.0017671585083007812, 2.763760805130005, 2.5943431854248047, 3.285590171813965, 2.5941107273101807, 0.0017294883728027344, 2.6453099250793457, 2.737457513809204, 2.8562817573547363, 2.825744390487671, 2.334336757659912, 0.0017342567443847656, 2.5822460651397705, 2.466649293899536, 2.751110315322876, 2.775282621383667, 2.6872212886810303, 2.4011149406433105, 2.6145498752593994, 2.5208094120025635, 2.5918447971343994, 2.6339895725250244, 2.5751562118530273, 2.4332070350646973, 2.4215645790100098, 2.7570717334747314, 2.602975845336914, 2.638806104660034, 2.7091331481933594, 2.6353845596313477, 2.738507032394409, 2.592625617980957, 2.755384922027588, 0.0017876625061035156, 2.6407902240753174, 0.0017347335815429688],