{"times": {"train": [5.641997814178467, 1.6182327270507812, 1.4685306549072266, 1.6340091228485107, 1.5128896236419678, 1.4868173599243164, 1.640174388885498, 1.6053624153137207, 1.6077308654785156, 1.6045253276824951, 1.7663805484771729, 1.6465089321136475, 1.9205658435821533, 1.6671082973480225, 1.4261384010314941, 1.4651355743408203, 1.4799413681030273, 1.4581403732299805, 1.4919865131378174, 1.6370482444763184, 1.6804578304290771, 1.751112937927246, 1.6010689735412598, 1.464076042175293, 1.6210353374481201, 1.6625888347625732, 1.4785499572753906, 1.606102466583252, 1.5094246864318848, 1.6560585498809814, 1.6696853637695312, 1.4605531692504883, 1.4917211532592773, 1.6206998825073242, 1.612577199935913, 1.6564838886260986, 1.5876471996307373, 1.6126000881195068, 1.6190128326416016, 1.616978645324707, 1.4496769905090332, 1.4944384098052979, 1.478208065032959, 1.6196768283843994, 1.5962069034576416, 1.651747703552246, 1.4664018154144287, 1.622058391571045, 1.5052974224090576, 1.4773108959197998, 1.782747745513916, 1.475142478942871, 1.48856520652771, 1.451997995376587, 1.5032296180725098, 1.6520698070526123, 1.77992582321167, 1.6486005783081055, 1.580096960067749, 1.6091537475585938, 1.4495997428894043, 1.468895673751831, 1.546828269958496, 1.494145154953003, 1.5995705127716064, 1.52262282371521, 1.4871339797973633, 1.6338655948638916, 1.5899438858032227, 1.6264116764068604, 1.4747436046600342, 1.586808443069458, 1.6306321620941162, 1.5018959045410156, 1.6080081462860107, 1.6275441646575928, 1.6259150505065918, 1.5104408264160156, 1.658550500869751, 1.4704947471618652, 1.6226139068603516, 1.469663143157959, 1.4997954368591309, 1.7500982284545898, 1.7812042236328125, 1.4969801902770996, 1.6145176887512207, 1.7614262104034424, 1.6013720035552979, 1.4543397426605225, 1.807180404663086, 1.450666904449463, 1.4650280475616455, 1.5116972923278809, 1.6005561351776123, 1.6266627311706543, 1.479396104812622, 1.8329288959503174, 1.4667017459869385, 1.7767958641052246], "comm_send": [0.00021886825561523438, 0.00020551681518554688, 0.00020694732666015625, 0.00019502639770507812, 0.00021505355834960938, 0.00020647048950195312, 0.00018739700317382812, 0.00018358230590820312, 0.0001823902130126953, 0.00018286705017089844, 0.00017905235290527344, 0.0001838207244873047, 0.00017404556274414062, 0.00018906593322753906, 0.00020170211791992188, 0.0001952648162841797, 0.00019311904907226562, 0.00023221969604492188, 0.00019478797912597656, 0.0001785755157470703, 0.000179290771484375, 0.0001823902130126953, 0.0001766681671142578, 0.00019884109497070312, 0.00018167495727539062, 0.00017404556274414062, 0.00020432472229003906, 0.0001976490020751953, 0.00019049644470214844, 0.00017404556274414062, 0.00018477439880371094, 0.0001957416534423828, 0.00020575523376464844, 0.00019049644470214844, 0.00018668174743652344, 0.00017333030700683594, 0.0001800060272216797, 0.00019168853759765625, 0.00017952919006347656, 0.00017786026000976562, 0.00021076202392578125, 0.00020194053649902344, 0.0002086162567138672, 0.00018596649169921875, 0.0001857280731201172, 0.0001876354217529297, 0.0002052783966064453, 0.00018143653869628906, 0.00019097328186035156, 0.00023818016052246094, 0.00018858909606933594, 0.0002033710479736328, 0.0001888275146484375, 0.00021004676818847656, 0.0001995563507080078, 0.00018262863159179688, 0.00017714500427246094, 0.00018668174743652344, 0.00019311904907226562, 0.0001957416534423828, 0.00020241737365722656, 0.00019311904907226562, 0.0001976490020751953, 0.00019168853759765625, 0.00019979476928710938, 0.0002028942108154297, 0.00019431114196777344, 0.00019097328186035156, 0.00018930435180664062, 0.00017952919006347656, 0.0001919269561767578, 0.00018644332885742188, 0.00018167495727539062, 0.00019598007202148438, 0.00018978118896484375, 0.00018167495727539062, 0.00019073486328125, 0.0001952648162841797, 0.00017976760864257812, 0.00019669532775878906, 0.00018644332885742188, 0.00020647048950195312, 0.0002148151397705078, 0.0001811981201171875, 0.00018072128295898438, 0.00019168853759765625, 0.0001785755157470703, 0.00017976760864257812, 0.0002014636993408203, 0.00019884109497070312, 0.00017786026000976562, 0.0002810955047607422, 0.00019979476928710938, 0.00018930435180664062, 0.00018334388732910156, 0.00018358230590820312, 0.00018715858459472656, 0.0001728534698486328, 0.0002148151397705078, 0.00017642974853515625], "comm_recv": [0.0018813610076904297, 2.1860976219177246, 0.001905202865600586, 2.7196173667907715, 2.8621530532836914, 2.85929012298584, 2.7654733657836914, 2.7773265838623047, 2.7687551975250244, 3.397150754928589, 2.629284143447876, 2.7430152893066406, 2.34751296043396, 2.6964681148529053, 2.8325648307800293, 2.772916316986084, 2.889516592025757, 2.697817802429199, 3.5272512435913086, 2.788905382156372, 2.615412950515747, 3.183748245239258, 2.691599130630493, 2.990137815475464, 2.821610927581787, 2.7498464584350586, 2.9025542736053467, 2.7758359909057617, 2.906721591949463, 2.739698886871338, 2.7645626068115234, 3.5408775806427, 0.0016880035400390625, 2.711994171142578, 2.776423454284668, 2.7488856315612793, 2.862919569015503, 2.672447443008423, 2.625004529953003, 2.7669687271118164, 0.0019023418426513672, 2.883387565612793, 2.812535285949707, 2.766902446746826, 2.7536675930023193, 2.7464370727539062, 0.0017566680908203125, 2.754610300064087, 2.720355272293091, 0.0017809867858886719, 2.4717719554901123, 2.931364059448242, 2.872082233428955, 2.8792309761047363, 2.83473539352417, 2.7089734077453613, 2.4636781215667725, 2.6431453227996826, 2.6165342330932617, 2.7449071407318115, 2.9196317195892334, 2.8832900524139404, 2.7840919494628906, 3.449016571044922, 2.7294092178344727, 2.804713249206543, 2.8615975379943848, 3.253169059753418, 2.754427671432495, 2.5329246520996094, 2.8140697479248047, 2.7593512535095215, 2.700918436050415, 2.7744858264923096, 2.478400230407715, 2.7462172508239746, 2.5581183433532715, 2.7027666568756104, 2.620173454284668, 2.779700517654419, 2.585949659347534, 2.714313507080078, 2.7255122661590576, 2.4064157009124756, 2.47420597076416, 2.9048306941986084, 2.733876943588257, 2.5068626403808594, 2.6128947734832764, 2.9250898361206055, 2.5544416904449463, 0.0017473697662353516, 0.0017299652099609375, 2.778357982635498, 2.7662041187286377, 2.4331629276275635, 2.749574899673462, 2.5054244995117188, 2.77530574798584, 2.6362674236297607],