{"times": {"train": [5.643187522888184, 1.7744011878967285, 1.6656701564788818, 1.6230149269104004, 1.4557156562805176, 1.8221118450164795, 1.6079509258270264, 1.6148746013641357, 1.4823501110076904, 1.808443307876587, 1.5017695426940918, 1.5953972339630127, 1.5117900371551514, 1.9171192646026611, 1.772737979888916, 1.4642369747161865, 1.4707221984863281, 1.530940055847168, 1.6839299201965332, 1.509964942932129, 1.6382970809936523, 1.4661078453063965, 1.4634344577789307, 1.4957787990570068, 1.6132361888885498, 1.4506430625915527, 1.6152403354644775, 1.77091646194458, 1.4619085788726807, 1.44212007522583, 1.741182565689087, 1.5232245922088623, 1.527148723602295, 1.438582181930542, 1.5152997970581055, 1.598531723022461, 1.4789762496948242, 1.6462018489837646, 1.4718904495239258, 1.4574682712554932, 1.6299211978912354, 1.6388840675354004, 1.5058314800262451, 1.6167964935302734, 1.6413044929504395, 1.656261682510376, 1.8005180358886719, 1.5261030197143555, 1.4274210929870605, 1.6076667308807373, 1.5008883476257324, 1.4725329875946045, 1.4912269115447998, 1.6523046493530273, 1.6108477115631104, 1.46193265914917, 1.492628812789917, 1.46091628074646, 1.4923670291900635, 1.4298324584960938, 1.4936022758483887, 1.6514801979064941, 1.6150383949279785, 1.637286901473999, 1.6417360305786133, 1.4692320823669434, 1.5240318775177002, 1.5917418003082275, 1.7865495681762695, 1.6267189979553223, 1.623718500137329, 1.6233108043670654, 1.602524995803833, 1.476538896560669, 1.584500789642334, 1.6112022399902344, 1.613114595413208, 1.6188173294067383, 1.5153586864471436, 1.4923057556152344, 1.4992666244506836, 1.6034150123596191, 1.4700980186462402, 1.7379274368286133, 1.4917397499084473, 1.5996441841125488, 1.5070054531097412, 1.4687414169311523, 1.6272399425506592, 1.586348533630371, 1.5215048789978027, 1.7939865589141846, 1.5924358367919922, 1.4867565631866455, 1.4785242080688477, 1.6245076656341553, 1.6516516208648682, 1.7748703956604004, 1.6211740970611572, 1.6624622344970703], "comm_send": [0.00020551681518554688, 0.00018024444580078125, 0.00019097328186035156, 0.00017905235290527344, 0.00019812583923339844, 0.0001819133758544922, 0.0002040863037109375, 0.00017833709716796875, 0.00025177001953125, 0.00017452239990234375, 0.00020360946655273438, 0.00020241737365722656, 0.0002391338348388672, 0.00016999244689941406, 0.00017333030700683594, 0.00019693374633789062, 0.00019621849060058594, 0.0001926422119140625, 0.00017952919006347656, 0.00019621849060058594, 0.00018024444580078125, 0.00019502639770507812, 0.00019240379333496094, 0.00020551681518554688, 0.000179290771484375, 0.0001938343048095703, 0.00018286705017089844, 0.00018024444580078125, 0.00019407272338867188, 0.0002276897430419922, 0.00017952919006347656, 0.00019359588623046875, 0.0001976490020751953, 0.00019669532775878906, 0.0002186298370361328, 0.0001766681671142578, 0.0001933574676513672, 0.00017333030700683594, 0.0001990795135498047, 0.0001895427703857422, 0.00017762184143066406, 0.0001838207244873047, 0.00020432472229003906, 0.00017786026000976562, 0.00017976760864257812, 0.00017547607421875, 0.00017976760864257812, 0.00018095970153808594, 0.00020074844360351562, 0.00017952919006347656, 0.0002090930938720703, 0.00019407272338867188, 0.0001995563507080078, 0.0001785755157470703, 0.00018477439880371094, 0.00020051002502441406, 0.0001881122589111328, 0.00020742416381835938, 0.0001914501190185547, 0.00020003318786621094, 0.00019407272338867188, 0.0002601146697998047, 0.00018024444580078125, 0.0001785755157470703, 0.00018405914306640625, 0.00019288063049316406, 0.00021982192993164062, 0.0001990795135498047, 0.0001823902130126953, 0.00017905235290527344, 0.0001785755157470703, 0.00017070770263671875, 0.0001995563507080078, 0.0002002716064453125, 0.000186920166015625, 0.0001914501190185547, 0.00018143653869628906, 0.00045299530029296875, 0.0002491474151611328, 0.00019621849060058594, 0.00019478797912597656, 0.00019788742065429688, 0.00018739700317382812, 0.00020432472229003906, 0.00019693374633789062, 0.00019812583923339844, 0.00020885467529296875, 0.0001976490020751953, 0.0001876354217529297, 0.0001811981201171875, 0.00021338462829589844, 0.00017786026000976562, 0.00021076202392578125, 0.00019621849060058594, 0.0001971721649169922, 0.00018477439880371094, 0.0001823902130126953, 0.00017499923706054688, 0.00018286705017089844, 0.0001823902130126953], "comm_recv": [0.0017817020416259766, 2.0329277515411377, 2.6309218406677246, 2.7120072841644287, 0.0018210411071777344, 2.5415899753570557, 2.7975776195526123, 2.7679927349090576, 2.896197557449341, 3.1890041828155518, 2.8931384086608887, 2.793551206588745, 2.756059169769287, 2.4471359252929688, 2.4849488735198975, 0.0017285346984863281, 0.001806020736694336, 2.6435675621032715, 3.3408470153808594, 2.9155495166778564, 2.658036470413208, 3.4679174423217773, 2.831010341644287, 2.9575512409210205, 2.828812837600708, 2.962582588195801, 2.7654576301574707, 2.6119883060455322, 0.0016982555389404297, 0.0018606185913085938, 2.713794469833374, 3.4758081436157227, 2.9244983196258545, 0.00189208984375, 2.887721300125122, 2.808216094970703, 2.9724678993225098, 2.639404058456421, 2.76999831199646, 2.92617130279541, 2.7934749126434326, 2.720308303833008, 2.7860970497131348, 2.766111373901367, 2.7096822261810303, 2.738157272338867, 2.4450223445892334, 2.8287811279296875, 2.796844244003296, 2.7586476802825928, 2.7294201850891113, 2.9329686164855957, 2.8694491386413574, 2.680091142654419, 2.7335867881774902, 2.8976263999938965, 2.750840187072754, 2.831655740737915, 2.703260898590088, 2.9237711429595947, 2.870875120162964, 2.708285331726074, 2.709099054336548, 3.311549186706543, 2.6862947940826416, 2.8586950302124023, 2.823934555053711, 3.2977101802825928, 2.5558993816375732, 2.5310676097869873, 2.6649348735809326, 2.7169506549835205, 2.7285261154174805, 2.7985615730285645, 2.504314422607422, 2.76234769821167, 2.572442054748535, 2.591120958328247, 2.766648054122925, 2.757284164428711, 2.7110519409179688, 2.5808353424072266, 2.754391670227051, 2.4183216094970703, 0.0028913021087646484, 2.8227596282958984, 2.8407938480377197, 2.800116777420044, 2.5887224674224854, 2.7924041748046875, 2.840289831161499, 2.4512221813201904, 2.7465107440948486, 2.784860372543335, 2.8886735439300537, 2.435476541519165, 2.577239751815796, 2.561960220336914, 2.6222732067108154, 2.749910831451416],