{"times": {"train": [5.627951145172119, 1.746246337890625, 1.7710421085357666, 1.5897161960601807, 1.5049777030944824, 1.6282734870910645, 1.4814505577087402, 1.9158415794372559, 1.481616735458374, 1.616304636001587, 1.4400949478149414, 1.774456262588501, 1.6456265449523926, 1.4757332801818848, 1.6143991947174072, 1.5945065021514893, 1.6001613140106201, 1.7837021350860596, 1.8070554733276367, 1.629349946975708, 1.6261167526245117, 1.4297010898590088, 1.4539690017700195, 1.4975860118865967, 1.6123859882354736, 1.5730721950531006, 1.6532461643218994, 1.7281723022460938, 1.6095619201660156, 1.471562147140503, 1.6082763671875, 1.507681131362915, 1.5887346267700195, 1.6216247081756592, 1.45037841796875, 1.4814932346343994, 1.485842227935791, 1.451488733291626, 1.629960060119629, 1.6045942306518555, 1.6075255870819092, 1.605952501296997, 1.6693859100341797, 1.5738909244537354, 1.589585542678833, 1.5252747535705566, 1.6403577327728271, 1.6158885955810547, 1.4850335121154785, 1.4936604499816895, 1.5858995914459229, 1.7513759136199951, 1.783083200454712, 1.597949743270874, 1.478879690170288, 1.455993890762329, 1.6733744144439697, 1.9165925979614258, 1.6105701923370361, 1.665393352508545, 1.4507553577423096, 1.7667386531829834, 1.6318490505218506, 1.4444682598114014, 1.7776072025299072, 1.7774360179901123, 1.6190638542175293, 1.7894256114959717, 1.7866687774658203, 1.4795067310333252, 1.5872437953948975, 1.470585584640503, 1.6119568347930908, 1.683729648590088, 1.4626994132995605, 1.7796909809112549, 1.5086681842803955, 1.4867675304412842, 1.6321384906768799, 1.4609417915344238, 1.4729201793670654, 1.588364601135254, 1.5116331577301025, 1.472376823425293, 1.6588802337646484, 1.7909939289093018, 1.4948341846466064, 1.4700238704681396, 1.6491451263427734, 1.58663010597229, 1.7471990585327148, 1.4918584823608398, 1.596125841140747, 1.427539587020874, 1.4978430271148682, 1.6331639289855957, 1.59511137008667, 1.6498143672943115, 1.9157307147979736, 1.4934933185577393], "comm_send": [0.00019979476928710938, 0.00023794174194335938, 0.0001964569091796875, 0.0001888275146484375, 0.00019478797912597656, 0.00017905235290527344, 0.0001957416534423828, 0.0001952648162841797, 0.0001938343048095703, 0.0003898143768310547, 0.00021409988403320312, 0.0001804828643798828, 0.000179290771484375, 0.00019693374633789062, 0.0001804828643798828, 0.00018310546875, 0.00017881393432617188, 0.00017523765563964844, 0.00017786026000976562, 0.00018739700317382812, 0.0001914501190185547, 0.00020742416381835938, 0.0002009868621826172, 0.000186920166015625, 0.00017976760864257812, 0.0001785755157470703, 0.0001800060272216797, 0.00022268295288085938, 0.00018286705017089844, 0.00019073486328125, 0.00020074844360351562, 0.00019311904907226562, 0.00022292137145996094, 0.00018143653869628906, 0.00019931793212890625, 0.00020551681518554688, 0.00019097328186035156, 0.0003535747528076172, 0.0001957416534423828, 0.0001926422119140625, 0.00017786026000976562, 0.00018310546875, 0.0001780986785888672, 0.00018477439880371094, 0.000186920166015625, 0.00021266937255859375, 0.00019598007202148438, 0.0001766681671142578, 0.00019073486328125, 0.00020456314086914062, 0.00019550323486328125, 0.00017642974853515625, 0.0001728534698486328, 0.00018405914306640625, 0.0001971721649169922, 0.000202178955078125, 0.00017070770263671875, 0.00018024444580078125, 0.0001888275146484375, 0.0002067089080810547, 0.0002033710479736328, 0.0001800060272216797, 0.00020170211791992188, 0.00020170211791992188, 0.00018095970153808594, 0.0001761913299560547, 0.0001785755157470703, 0.0001766681671142578, 0.00017595291137695312, 0.00019550323486328125, 0.00020384788513183594, 0.0001957416534423828, 0.0001800060272216797, 0.00018906593322753906, 0.00022411346435546875, 0.00017595291137695312, 0.0002460479736328125, 0.00019550323486328125, 0.00017404556274414062, 0.00019431114196777344, 0.00020265579223632812, 0.00019931793212890625, 0.0001919269561767578, 0.00019884109497070312, 0.00017833709716796875, 0.00017595291137695312, 0.00019788742065429688, 0.00020956993103027344, 0.00017786026000976562, 0.00018477439880371094, 0.000179290771484375, 0.00019741058349609375, 0.0001780986785888672, 0.0001995563507080078, 0.0001983642578125, 0.000179290771484375, 0.00017642974853515625, 0.00017762184143066406, 0.0001735687255859375, 0.00018072128295898438], "comm_recv": [0.0018582344055175781, 2.0740773677825928, 2.5247273445129395, 2.745398759841919, 2.870126247406006, 2.7163522243499756, 2.923352003097534, 2.4663212299346924, 2.898045301437378, 3.3779969215393066, 0.0018095970153808594, 2.637366533279419, 2.6226706504821777, 0.0017008781433105469, 2.662081718444824, 2.643249034881592, 2.775506019592285, 2.374107837677002, 3.2125279903411865, 2.7958199977874756, 2.670151472091675, 0.0017752647399902344, 2.858837842941284, 2.9568581581115723, 2.8302016258239746, 2.8399453163146973, 2.7285778522491455, 2.6541240215301514, 2.808371067047119, 2.9222371578216553, 2.827510118484497, 3.4922943115234375, 2.860887050628662, 2.693110227584839, 2.9349212646484375, 2.9240972995758057, 2.9661922454833984, 0.00164031982421875, 2.631211042404175, 2.784641981124878, 2.814526081085205, 2.7533864974975586, 2.6224117279052734, 2.808417558670044, 2.7603988647460938, 2.87261700630188, 2.601219892501831, 2.737560749053955, 2.740377187728882, 2.872488498687744, 2.645415782928467, 2.6553540229797363, 2.5701963901519775, 2.7346415519714355, 2.857732057571411, 2.902524471282959, 2.572544574737549, 2.3748912811279297, 2.5856130123138428, 2.6884958744049072, 2.917323589324951, 2.5868980884552, 2.698361396789551, 0.001779794692993164, 2.568678855895996, 2.5525243282318115, 2.73004412651062, 3.0991787910461426, 2.5551416873931885, 2.6795318126678467, 2.6980066299438477, 2.8790788650512695, 2.7180163860321045, 2.592055320739746, 2.6235246658325195, 2.5935256481170654, 2.6756057739257812, 2.7269670963287354, 2.6464686393737793, 0.0017023086547851562, 2.7548274993896484, 2.595627784729004, 2.7133090496063232, 0.0016613006591796875, 2.6149210929870605, 2.6106600761413574, 2.8530592918395996, 2.7973971366882324, 2.5657522678375244, 2.7930052280426025, 2.613830327987671, 2.7544448375701904, 2.7429187297821045, 0.0018939971923828125, 2.888023853302002, 2.426170587539673, 2.6306874752044678, 2.69110107421875, 2.3263096809387207, 2.9153902530670166],