{"times": {"train": [5.768493175506592, 1.587205171585083, 1.6530892848968506, 1.4881720542907715, 1.6286633014678955, 1.80320143699646, 1.7727477550506592, 1.7748377323150635, 1.6196794509887695, 1.6106979846954346, 1.6111934185028076, 1.7606830596923828, 1.649416208267212, 1.4819412231445312, 1.4640882015228271, 1.4866247177124023, 1.4888386726379395, 1.6379776000976562, 1.6456489562988281, 1.7738900184631348, 1.7836480140686035, 1.6279916763305664, 1.7738802433013916, 1.4498193264007568, 1.618077039718628, 1.629516363143921, 1.447845458984375, 1.4475209712982178, 1.5238721370697021, 1.5991549491882324, 1.756437063217163, 1.5062999725341797, 1.6431729793548584, 1.7954847812652588, 1.671407699584961, 1.5997414588928223, 1.5964429378509521, 1.6149623394012451, 1.5554225444793701, 1.4879484176635742, 1.4874541759490967, 1.6261296272277832, 1.4648313522338867, 1.6487643718719482, 1.4781749248504639, 1.4703633785247803, 1.7605302333831787, 1.466292381286621, 1.652667760848999, 1.6397337913513184, 1.6088159084320068, 1.6667375564575195, 1.4451866149902344, 1.6232593059539795, 1.7653679847717285, 1.51133131980896, 1.6138617992401123, 1.563688039779663, 1.4735863208770752, 1.4438512325286865, 1.6169745922088623, 1.5217249393463135, 1.5731074810028076, 1.6576800346374512, 1.4739093780517578, 1.6047556400299072, 1.6405818462371826, 1.805800199508667, 1.517042875289917, 1.6042170524597168, 1.5960516929626465, 1.4332044124603271, 1.5190472602844238, 1.4458837509155273, 1.594623327255249, 1.5040254592895508, 1.6436851024627686, 1.7424218654632568, 1.643225908279419, 1.4790184497833252, 1.6120288372039795, 1.6100153923034668, 1.6290512084960938, 1.5350704193115234, 1.6520271301269531, 1.7640316486358643, 1.6464035511016846, 1.5045826435089111, 1.5144925117492676, 1.4728021621704102, 1.4412522315979004, 1.4904365539550781, 1.7619848251342773, 1.6382813453674316, 1.6491591930389404, 1.4930617809295654, 1.4909839630126953, 1.4702856540679932, 1.516528844833374, 1.462613821029663], "comm_send": [0.00020956993103027344, 0.0001881122589111328, 0.0002002716064453125, 0.00019741058349609375, 0.00018525123596191406, 0.0001838207244873047, 0.0001800060272216797, 0.00017905235290527344, 0.0001773834228515625, 0.000179290771484375, 0.00018787384033203125, 0.00017690658569335938, 0.00017976760864257812, 0.00018930435180664062, 0.00018787384033203125, 0.00019121170043945312, 0.00019860267639160156, 0.00017309188842773438, 0.00017762184143066406, 0.0001838207244873047, 0.00017762184143066406, 0.0001761913299560547, 0.00017499923706054688, 0.00020623207092285156, 0.00018453598022460938, 0.0002243518829345703, 0.00020003318786621094, 0.0002567768096923828, 0.0002434253692626953, 0.00019288063049316406, 0.00017380714416503906, 0.00018787384033203125, 0.0002052783966064453, 0.0001823902130126953, 0.00016880035400390625, 0.00017642974853515625, 0.0001785755157470703, 0.00012683868408203125, 0.00018835067749023438, 0.00019311904907226562, 0.0002067089080810547, 0.00017595291137695312, 0.00020599365234375, 0.0001723766326904297, 0.00019359588623046875, 0.0001895427703857422, 0.00016808509826660156, 0.00019073486328125, 0.00016999244689941406, 0.00017833709716796875, 0.00017762184143066406, 0.00017762184143066406, 0.0001964569091796875, 0.00018095970153808594, 0.0001811981201171875, 0.00018596649169921875, 0.00021338462829589844, 0.0001857280731201172, 0.0002560615539550781, 0.00020623207092285156, 0.0002162456512451172, 0.0001971721649169922, 0.00018787384033203125, 0.00017690658569335938, 0.0002014636993408203, 0.00017642974853515625, 0.0001766681671142578, 0.00017309188842773438, 0.00019598007202148438, 0.00018167495727539062, 0.00019931793212890625, 0.00019741058349609375, 0.0004425048828125, 0.00019860267639160156, 0.00022554397583007812, 0.0001957416534423828, 0.00017333030700683594, 0.00017213821411132812, 0.00017189979553222656, 0.00019073486328125, 0.00017976760864257812, 0.00018715858459472656, 0.00017523765563964844, 0.0001804828643798828, 0.0002510547637939453, 0.0001819133758544922, 0.00017499923706054688, 0.00018453598022460938, 0.0001952648162841797, 0.0001971721649169922, 0.00018930435180664062, 0.00020503997802734375, 0.00017309188842773438, 0.00017714500427246094, 0.0002143383026123047, 0.0001811981201171875, 0.0001857280731201172, 0.00020241737365722656, 0.00018548965454101562, 0.0001888275146484375], "comm_recv": [0.0017993450164794922, 2.0944533348083496, 2.6419904232025146, 2.8480331897735596, 2.746467351913452, 2.5414319038391113, 2.632756471633911, 2.6075427532196045, 2.7602219581604004, 3.388530969619751, 2.783891201019287, 2.629296064376831, 2.619049072265625, 2.875220775604248, 2.793820381164551, 2.7524125576019287, 2.887667179107666, 2.520426034927368, 3.3733091354370117, 2.6486756801605225, 2.515395164489746, 3.3064255714416504, 2.521003007888794, 0.001659393310546875, 2.8452365398406982, 2.7826194763183594, 0.0017228126525878906, 2.955643892288208, 2.895439624786377, 2.7940869331359863, 2.6800506114959717, 3.493842124938965, 2.807752847671509, 2.5194616317749023, 2.712883949279785, 2.807657480239868, 2.854891061782837, 2.6680150032043457, 2.688220500946045, 2.8954477310180664, 2.934588670730591, 2.7342398166656494, 0.0017197132110595703, 2.7516372203826904, 2.872366428375244, 2.927549362182617, 2.4815943241119385, 2.887570858001709, 2.571777582168579, 2.7260258197784424, 2.623039722442627, 2.740818500518799, 0.0017402172088623047, 2.7280313968658447, 2.580002546310425, 2.848424196243286, 2.629023551940918, 2.7282497882843018, 0.0015659332275390625, 0.0016980171203613281, 2.7754578590393066, 2.831639528274536, 2.7570953369140625, 3.283508777618408, 2.8550822734832764, 2.7247507572174072, 2.7072010040283203, 3.083949565887451, 0.0017173290252685547, 2.571949005126953, 2.6976356506347656, 0.0017848014831542969, 2.8352537155151367, 0.001628875732421875, 2.5110371112823486, 2.8684537410736084, 2.5421178340911865, 2.4722371101379395, 2.6352322101593018, 2.7703869342803955, 2.599680185317993, 2.573059558868408, 2.596414804458618, 2.6202073097229004, 2.6041228771209717, 2.6351022720336914, 2.7038822174072266, 2.7634949684143066, 2.701374053955078, 2.905487060546875, 2.9202041625976562, 2.753492593765259, 2.579169273376465, 2.6331679821014404, 2.7190511226654053, 2.5627710819244385, 2.741128444671631, 2.8674871921539307, 2.724369764328003, 2.949521064758301],