{"times": {"train": [5.576636791229248, 1.472810983657837, 1.8123176097869873, 1.625335931777954, 1.7742466926574707, 1.4773008823394775, 1.605353832244873, 1.4974958896636963, 1.8094775676727295, 1.6342878341674805, 1.6133251190185547, 1.5940771102905273, 1.434074878692627, 1.9131779670715332, 1.7525804042816162, 1.485576868057251, 1.6148712635040283, 1.513932228088379, 1.481534481048584, 1.4810736179351807, 1.4653880596160889, 1.4286394119262695, 1.4436118602752686, 1.6196331977844238, 1.4578971862792969, 1.7516148090362549, 1.6670374870300293, 1.915231466293335, 1.7411165237426758, 1.6011831760406494, 1.6078543663024902, 1.6455540657043457, 1.779496192932129, 1.7566514015197754, 1.4506585597991943, 1.6307270526885986, 1.4795961380004883, 1.6351165771484375, 1.4154393672943115, 1.4523963928222656, 1.4854164123535156, 1.4228436946868896, 1.6168999671936035, 1.4893310070037842, 1.4650568962097168, 1.6197395324707031, 1.596808910369873, 1.4737391471862793, 1.6147613525390625, 1.6190390586853027, 1.6061444282531738, 1.441478967666626, 1.4715981483459473, 1.4723031520843506, 1.452132225036621, 1.4678926467895508, 1.4420218467712402, 1.497605562210083, 1.6322596073150635, 1.6300575733184814, 1.4467167854309082, 1.487504243850708, 1.4443585872650146, 1.5964908599853516, 1.6388227939605713, 1.4547300338745117, 1.46612548828125, 1.4528043270111084, 1.7475738525390625, 1.6069698333740234, 1.4625296592712402, 1.618748426437378, 1.4231083393096924, 1.6002864837646484, 1.7606697082519531, 1.63325834274292, 1.6359083652496338, 1.7622952461242676, 1.6345751285552979, 1.763624668121338, 1.6293134689331055, 1.631166696548462, 1.4452307224273682, 1.5965187549591064, 1.6201364994049072, 1.4830799102783203, 1.4727065563201904, 1.6265995502471924, 1.6055865287780762, 1.4564061164855957, 1.6191060543060303, 1.61328125, 1.5809094905853271, 1.644930362701416, 1.753350019454956, 1.5904498100280762, 1.4755477905273438, 1.4861915111541748, 1.465108871459961, 1.5776207447052002], "comm_send": [0.00022912025451660156, 0.0002186298370361328, 0.00023865699768066406, 0.0001914501190185547, 0.0001773834228515625, 0.000202178955078125, 0.00018739700317382812, 0.00019311904907226562, 0.000171661376953125, 0.00018215179443359375, 0.00018167495727539062, 0.00019097328186035156, 0.00020360946655273438, 0.00017571449279785156, 0.00017142295837402344, 0.0001881122589111328, 0.00018358230590820312, 0.00017881393432617188, 0.00020623207092285156, 0.00027251243591308594, 0.0001964569091796875, 0.0002033710479736328, 0.00020170211791992188, 0.00017833709716796875, 0.0001995563507080078, 0.0001766681671142578, 0.00017905235290527344, 0.00017213821411132812, 0.0001766681671142578, 0.00017833709716796875, 0.00019550323486328125, 0.00017213821411132812, 0.00017118453979492188, 0.0001971721649169922, 0.00019860267639160156, 0.00017762184143066406, 0.0001926422119140625, 0.00018405914306640625, 0.000209808349609375, 0.00020241737365722656, 0.0002071857452392578, 0.00021219253540039062, 0.00019669532775878906, 0.00019431114196777344, 0.00019931793212890625, 0.00018668174743652344, 0.00020360946655273438, 0.00018787384033203125, 0.0001780986785888672, 0.000179290771484375, 0.00018358230590820312, 0.00020766258239746094, 0.00020122528076171875, 0.00019025802612304688, 0.00020933151245117188, 0.00020551681518554688, 0.00021982192993164062, 0.00017213821411132812, 0.00017762184143066406, 0.0001742839813232422, 0.0002014636993408203, 0.000202178955078125, 0.0002048015594482422, 0.00017833709716796875, 0.00019311904907226562, 0.00019097328186035156, 0.00020933151245117188, 0.0001990795135498047, 0.00017547607421875, 0.00017976760864257812, 0.00019025802612304688, 0.00021338462829589844, 0.00020623207092285156, 0.00019311904907226562, 0.00019931793212890625, 0.0002269744873046875, 0.0001811981201171875, 0.0001747608184814453, 0.0001766681671142578, 0.00017499923706054688, 0.0001800060272216797, 0.00018072128295898438, 0.00019884109497070312, 0.00019240379333496094, 0.0001811981201171875, 0.00020051002502441406, 0.00020265579223632812, 0.0001857280731201172, 0.00019025802612304688, 0.00019621849060058594, 0.00018930435180664062, 0.00017976760864257812, 0.000179290771484375, 0.00017547607421875, 0.000179290771484375, 0.00018548965454101562, 0.0001888275146484375, 0.00020360946655273438, 0.00018262863159179688, 0.0001881122589111328], "comm_recv": [0.002067089080810547, 2.3998236656188965, 2.48382568359375, 2.7043964862823486, 2.60811185836792, 2.8686509132385254, 2.7988905906677246, 2.885171413421631, 2.570556640625, 3.36452317237854, 2.781545877456665, 2.796062469482422, 0.0017588138580322266, 2.468686580657959, 2.5054802894592285, 2.7536842823028564, 2.762113571166992, 2.644303321838379, 3.5370497703552246, 2.944304943084717, 2.8305845260620117, 3.5054728984832764, 2.8509771823883057, 2.831112861633301, 0.001821279525756836, 2.682682752609253, 2.7097604274749756, 2.4720592498779297, 2.678435802459717, 2.7930197715759277, 2.8281993865966797, 3.3476686477661133, 2.6726694107055664, 2.556922674179077, 0.0018148422241210938, 2.7930948734283447, 0.0017230510711669922, 2.667710304260254, 0.0019195079803466797, 0.0018012523651123047, 2.9552359580993652, 0.0017986297607421875, 2.692610740661621, 2.893620729446411, 2.885673761367798, 2.7785212993621826, 2.6448566913604736, 2.8809702396392822, 2.6099400520324707, 2.7473905086517334, 2.6258511543273926, 0.0018012523651123047, 2.9071662425994873, 2.8601067066192627, 0.0017514228820800781, 0.0017855167388916016, 0.0017800331115722656, 2.815373659133911, 2.5635697841644287, 2.7241461277008057, 0.0046045780181884766, 0.001825094223022461, 0.001804351806640625, 3.396304130554199, 2.660593271255493, 0.0017743110656738281, 0.0019550323486328125, 0.0017719268798828125, 2.616827964782715, 2.551097869873047, 0.001714468002319336, 2.750258684158325, 0.0019254684448242188, 2.6941351890563965, 2.3242082595825195, 2.741669178009033, 2.549483060836792, 2.4515793323516846, 2.643502712249756, 2.4859561920166016, 2.5780067443847656, 2.556344509124756, 0.0019261837005615234, 2.578096389770508, 2.6377382278442383, 0.0018267631530761719, 0.0019004344940185547, 2.6613078117370605, 2.6094419956207275, 2.9223451614379883, 2.7429070472717285, 2.6330018043518066, 2.758498430252075, 2.627321720123291, 2.610288381576538, 2.473557949066162, 2.7534477710723877, 2.845612049102783, 2.7830729484558105, 2.8338871002197266],