{"times": {"train": [5.8076629638671875, 1.5031661987304688, 1.7828176021575928, 1.774317741394043, 1.5164031982421875, 1.497718334197998, 1.6146912574768066, 1.6206119060516357, 1.4877092838287354, 1.6418631076812744, 1.4756584167480469, 1.6716737747192383, 1.7225518226623535, 1.667546033859253, 1.6292328834533691, 1.780616283416748, 1.4629700183868408, 1.5151197910308838, 1.6027522087097168, 1.769019603729248, 1.605640172958374, 1.597898244857788, 1.6174123287200928, 1.630275011062622, 1.6132102012634277, 1.7801661491394043, 1.4877867698669434, 1.48093843460083, 1.4816532135009766, 1.6423187255859375, 1.617734670639038, 1.5426549911499023, 1.6164100170135498, 1.6516389846801758, 1.6045310497283936, 1.4753727912902832, 1.620269775390625, 1.638272762298584, 1.4395849704742432, 1.6102640628814697, 1.4854252338409424, 1.5899896621704102, 1.45631742477417, 1.4870378971099854, 1.6255741119384766, 1.6222975254058838, 1.5211679935455322, 1.7882938385009766, 1.6584830284118652, 1.776792049407959, 1.5049612522125244, 1.6214134693145752, 1.7627229690551758, 1.4599616527557373, 1.7540719509124756, 1.7537176609039307, 1.4773061275482178, 1.6248562335968018, 1.6234970092773438, 1.4255735874176025, 1.9159033298492432, 1.6374943256378174, 1.6472690105438232, 1.6224265098571777, 1.74863862991333, 1.6512832641601562, 1.627002239227295, 1.4691004753112793, 1.480269432067871, 1.4587745666503906, 1.4831948280334473, 1.6281015872955322, 1.6160764694213867, 1.5117204189300537, 1.620939016342163, 1.4932081699371338, 1.765286922454834, 1.4944586753845215, 1.596473217010498, 1.7412934303283691, 1.7271652221679688, 1.5257978439331055, 1.6160662174224854, 1.4883897304534912, 1.4405510425567627, 1.7585444450378418, 1.4324533939361572, 1.515685796737671, 1.4657137393951416, 1.5982537269592285, 1.4975643157958984, 1.6190402507781982, 1.6546266078948975, 1.485792875289917, 1.6122994422912598, 1.4942212104797363, 1.597973108291626, 1.7739078998565674, 1.4844379425048828, 1.6188724040985107], "comm_send": [0.00019931793212890625, 0.00019788742065429688, 0.0001766681671142578, 0.00018072128295898438, 0.00018548965454101562, 0.0002002716064453125, 0.0001785755157470703, 0.00018167495727539062, 0.00019097328186035156, 0.00018548965454101562, 0.00019216537475585938, 0.00017690658569335938, 0.0001773834228515625, 0.00017714500427246094, 0.00017952919006347656, 0.00018477439880371094, 0.00018906593322753906, 0.00020170211791992188, 0.00024700164794921875, 0.00017547607421875, 0.00017976760864257812, 0.0001804828643798828, 0.00025153160095214844, 0.0001773834228515625, 0.0001876354217529297, 0.00017189979553222656, 0.00019431114196777344, 0.00018715858459472656, 0.0001900196075439453, 0.00019168853759765625, 0.0001842975616455078, 0.0001819133758544922, 0.00016927719116210938, 0.00020885467529296875, 0.00018358230590820312, 0.00019598007202148438, 0.0001704692840576172, 0.00018358230590820312, 0.00020360946655273438, 0.0001842975616455078, 0.0001919269561767578, 0.0001842975616455078, 0.00018906593322753906, 0.0002009868621826172, 0.00021886825561523438, 0.00018215179443359375, 0.00017905235290527344, 0.00017881393432617188, 0.000213623046875, 0.00018167495727539062, 0.0001862049102783203, 0.00018167495727539062, 0.0001773834228515625, 0.0001995563507080078, 0.00018930435180664062, 0.00019121170043945312, 0.00018835067749023438, 0.00018262863159179688, 0.0001804828643798828, 0.00020122528076171875, 0.00018024444580078125, 0.00017881393432617188, 0.00018095970153808594, 0.00017714500427246094, 0.00018143653869628906, 0.00018310546875, 0.0002110004425048828, 0.0002009868621826172, 0.00019860267639160156, 0.00021195411682128906, 0.0001995563507080078, 0.0001823902130126953, 0.0001895427703857422, 0.00020647048950195312, 0.0001876354217529297, 0.00019621849060058594, 0.00018548965454101562, 0.00020313262939453125, 0.000186920166015625, 0.0001842975616455078, 0.00018739700317382812, 0.0001842975616455078, 0.0001838207244873047, 0.0002181529998779297, 0.0002148151397705078, 0.00017762184143066406, 0.00021576881408691406, 0.00019121170043945312, 0.0001995563507080078, 0.00018668174743652344, 0.0002033710479736328, 0.00017905235290527344, 0.0001811981201171875, 0.0001976490020751953, 0.00018167495727539062, 0.00018548965454101562, 0.0001800060272216797, 0.0001723766326904297, 0.00019311904907226562, 0.00017571449279785156], "comm_recv": [3.676441192626953, 3.361931324005127, 3.0593152046203613, 3.153538942337036, 3.1440114974975586, 3.5638487339019775, 3.1953649520874023, 3.233940601348877, 3.2277064323425293, 3.474792718887329, 3.411562919616699, 3.1826486587524414, 3.0628225803375244, 3.1711835861206055, 2.969367265701294, 3.479365348815918, 3.324026584625244, 3.2958667278289795, 3.366084575653076, 3.661144971847534, 3.264981746673584, 3.21134614944458, 3.5986053943634033, 3.4333722591400146, 3.1136271953582764, 3.2696261405944824, 3.340596914291382, 3.2185018062591553, 3.2855172157287598, 3.1242494583129883, 3.2243423461914062, 3.387739896774292, 3.2729899883270264, 3.1582953929901123, 3.2259695529937744, 3.270799160003662, 3.141085386276245, 3.4091413021087646, 3.4771668910980225, 3.3503706455230713, 3.5119214057922363, 3.2998485565185547, 3.3596177101135254, 3.418311357498169, 3.241631031036377, 3.1967709064483643, 3.279639720916748, 3.3199198246002197, 3.0631637573242188, 3.1053175926208496, 3.3586742877960205, 3.7264974117279053, 3.1443634033203125, 3.3263683319091797, 3.0416243076324463, 3.0766725540161133, 3.3100526332855225, 3.183089017868042, 3.346388816833496, 3.546520471572876, 3.1487925052642822, 3.1106412410736084, 3.3272998332977295, 3.2794721126556396, 3.0585758686065674, 3.2408649921417236, 3.1257691383361816, 3.256237268447876, 3.1918413639068604, 3.4341466426849365, 3.3624792098999023, 3.342129707336426, 3.235870361328125, 3.3125481605529785, 3.281496524810791, 3.2502052783966064, 3.241574764251709, 3.388338804244995, 3.3146274089813232, 3.117583751678467, 3.8117339611053467, 3.202199935913086, 3.149937868118286, 3.23288893699646, 3.6419293880462646, 3.0729305744171143, 3.283360004425049, 3.3737435340881348, 3.3934273719787598, 3.3001549243927, 3.3866829872131348, 3.856326103210449, 3.2880849838256836, 3.7409684658050537, 3.254730463027954, 3.3061864376068115, 3.335672378540039, 3.2545948028564453, 3.4856412410736084, 3.3970913887023926],