{"times": {"train": [5.721831798553467, 1.6248393058776855, 1.472520112991333, 1.6912286281585693, 1.4853503704071045, 1.6440746784210205, 1.662416696548462, 1.5182127952575684, 1.4905683994293213, 1.4971060752868652, 1.4718596935272217, 1.484581470489502, 1.4789965152740479, 1.6488616466522217, 1.496436595916748, 1.4747624397277832, 1.5773015022277832, 1.630995273590088, 1.4684669971466064, 1.613739013671875, 1.5094752311706543, 1.6235661506652832, 1.6271076202392578, 1.9184699058532715, 1.6485755443572998, 1.6275923252105713, 1.7571535110473633, 1.4225590229034424, 1.6173524856567383, 1.482163429260254, 1.5062651634216309, 1.432875394821167, 1.6094841957092285, 1.6390490531921387, 1.6523642539978027, 1.6018791198730469, 1.6687123775482178, 1.7366037368774414, 1.645655632019043, 1.4818689823150635, 1.5186944007873535, 1.6955997943878174, 1.4698233604431152, 1.6373021602630615, 1.603736162185669, 1.6476309299468994, 1.4583806991577148, 1.7321300506591797, 1.7562799453735352, 1.4790635108947754, 1.4747250080108643, 1.4824960231781006, 1.477184772491455, 1.6129992008209229, 1.6371519565582275, 1.6491870880126953, 1.452728271484375, 1.4552271366119385, 1.4994938373565674, 1.6526615619659424, 1.8027653694152832, 1.4461236000061035, 1.6899666786193848, 1.4549188613891602, 1.7866804599761963, 1.7617697715759277, 1.5954320430755615, 1.605766773223877, 1.6109013557434082, 1.6154606342315674, 1.4655778408050537, 1.436241865158081, 1.7838728427886963, 1.7524685859680176, 1.4481146335601807, 1.425248384475708, 1.6006457805633545, 1.6080951690673828, 1.5070064067840576, 1.5999741554260254, 1.4715468883514404, 1.4590766429901123, 1.6495230197906494, 1.4361460208892822, 1.9174234867095947, 1.6746673583984375, 1.4759330749511719, 1.6111679077148438, 1.4259991645812988, 1.5216090679168701, 1.4504022598266602, 1.4645428657531738, 1.477468729019165, 1.4631013870239258, 1.6210072040557861, 1.6639189720153809, 1.6297762393951416, 1.6032078266143799, 1.6147727966308594, 1.507124662399292], "comm_send": [0.00019025802612304688, 0.0001766681671142578, 0.00022101402282714844, 0.0001900196075439453, 0.000171661376953125, 0.00017309188842773438, 0.00017571449279785156, 0.00018024444580078125, 0.00018215179443359375, 0.0002067089080810547, 0.00019788742065429688, 0.00019121170043945312, 0.00020623207092285156, 0.00017333030700683594, 0.00017881393432617188, 0.00019550323486328125, 0.0001823902130126953, 0.0001780986785888672, 0.000209808349609375, 0.00019502639770507812, 0.00018262863159179688, 0.0001773834228515625, 0.00018930435180664062, 0.000179290771484375, 0.00017261505126953125, 0.0002124309539794922, 0.0002124309539794922, 0.00020384788513183594, 0.0001819133758544922, 0.0002067089080810547, 0.00018310546875, 0.00020837783813476562, 0.00017786026000976562, 0.00017762184143066406, 0.00017642974853515625, 0.00018358230590820312, 0.0001761913299560547, 0.000179290771484375, 0.00017905235290527344, 0.00018978118896484375, 0.00018405914306640625, 0.00017952919006347656, 0.0001876354217529297, 0.0001811981201171875, 0.00020003318786621094, 0.00017642974853515625, 0.00019884109497070312, 0.00018143653869628906, 0.00017547607421875, 0.00019478797912597656, 0.0001990795135498047, 0.0002472400665283203, 0.0002079010009765625, 0.00018596649169921875, 0.00018262863159179688, 0.00018334388732910156, 0.00020170211791992188, 0.00020551681518554688, 0.00019621849060058594, 0.0001785755157470703, 0.0001742839813232422, 0.000209808349609375, 0.00020623207092285156, 0.00021028518676757812, 0.0001735687255859375, 0.00024175643920898438, 0.00019168853759765625, 0.00017976760864257812, 0.00018310546875, 0.00017714500427246094, 0.0002434253692626953, 0.00021147727966308594, 0.00018930435180664062, 0.00017595291137695312, 0.00020194053649902344, 0.00021028518676757812, 0.00018358230590820312, 0.00023865699768066406, 0.00019598007202148438, 0.00019025802612304688, 0.0001862049102783203, 0.0001976490020751953, 0.0004971027374267578, 0.0002002716064453125, 0.00017404556274414062, 0.00018262863159179688, 0.00019025802612304688, 0.00017905235290527344, 0.00021028518676757812, 0.00019216537475585938, 0.0002052783966064453, 0.0004985332489013672, 0.00019598007202148438, 0.00019669532775878906, 0.00017642974853515625, 0.0002155303955078125, 0.0001780986785888672, 0.0001888275146484375, 0.0001735687255859375, 0.00019860267639160156], "comm_recv": [3.760957956314087, 3.2408714294433594, 3.369832754135132, 3.2367606163024902, 3.1747050285339355, 3.425980567932129, 3.1482019424438477, 3.336794853210449, 3.225151777267456, 3.618288278579712, 3.415539264678955, 3.3703982830047607, 3.306838274002075, 3.1904516220092773, 3.102497100830078, 3.7858777046203613, 3.2105555534362793, 3.18053936958313, 3.5007474422454834, 3.816955089569092, 3.3620996475219727, 3.1845240592956543, 3.5898444652557373, 3.1456844806671143, 3.0779922008514404, 3.4223618507385254, 3.0719079971313477, 3.277092695236206, 3.150606870651245, 3.2847135066986084, 3.3369805812835693, 3.4973161220550537, 3.2796671390533447, 3.1712114810943604, 3.1775970458984375, 3.144350290298462, 3.0925002098083496, 3.3118093013763428, 3.27134108543396, 3.4791486263275146, 3.479020118713379, 3.1942811012268066, 3.3483846187591553, 3.268730878829956, 3.263044595718384, 3.1713314056396484, 3.3407790660858154, 3.376814126968384, 2.965585708618164, 3.403085947036743, 3.3890762329101562, 3.8652420043945312, 3.4300954341888428, 3.173408269882202, 3.159452438354492, 3.1814510822296143, 3.3344202041625977, 3.3523900508880615, 3.468675374984741, 3.3196167945861816, 3.2623841762542725, 3.3017935752868652, 3.242856979370117, 3.446514129638672, 3.0202205181121826, 3.1300783157348633, 3.157384157180786, 3.1201770305633545, 3.061738967895508, 3.2781577110290527, 3.379971981048584, 3.5333571434020996, 3.068243980407715, 3.0716769695281982, 3.4544200897216797, 3.317843437194824, 3.406712532043457, 3.2747855186462402, 3.4058966636657715, 3.2602217197418213, 4.067121267318726, 3.2688026428222656, 3.1164586544036865, 3.2837722301483154, 3.1655519008636475, 3.156909465789795, 3.2403817176818848, 3.278697967529297, 3.4329988956451416, 3.3768839836120605, 3.433612585067749, 4.011290550231934, 3.4653828144073486, 3.7627973556518555, 3.246164321899414, 3.135376214981079, 3.3042123317718506, 3.4254207611083984, 3.3555102348327637, 3.5095865726470947],