{"times": {"train": [5.807141542434692, 1.5179646015167236, 1.6308462619781494, 1.7555079460144043, 1.522942066192627, 1.6182653903961182, 1.494811773300171, 1.6268870830535889, 1.4520435333251953, 1.6201536655426025, 1.6369104385375977, 1.473811388015747, 1.6570403575897217, 1.4574108123779297, 1.6118078231811523, 1.476806402206421, 1.6022813320159912, 1.4796831607818604, 1.7610530853271484, 1.6322076320648193, 1.6134696006774902, 1.488682746887207, 1.4739654064178467, 1.5160284042358398, 1.5415334701538086, 1.504328727722168, 1.4992468357086182, 1.5069515705108643, 1.4718024730682373, 1.4983530044555664, 1.5110032558441162, 1.7897655963897705, 1.6387405395507812, 1.5932393074035645, 1.6081500053405762, 1.4814667701721191, 1.4838213920593262, 1.6219866275787354, 1.6348798274993896, 1.634725570678711, 1.5293519496917725, 1.4577100276947021, 1.7681751251220703, 1.6332001686096191, 1.5972003936767578, 1.5085241794586182, 1.4983887672424316, 1.9153752326965332, 1.4489445686340332, 1.4772932529449463, 1.4886677265167236, 1.5269181728363037, 1.4639151096343994, 1.4937779903411865, 1.4420907497406006, 1.4630637168884277, 1.611147165298462, 1.783609390258789, 1.469759225845337, 1.6523463726043701, 1.6610896587371826, 1.5366837978363037, 1.6658408641815186, 1.608046531677246, 1.5034337043762207, 1.629502296447754, 1.6658539772033691, 1.620851755142212, 1.476304054260254, 1.4557533264160156, 1.7963087558746338, 1.5002350807189941, 1.646430253982544, 1.6213922500610352, 1.778918743133545, 1.4599039554595947, 1.5541722774505615, 1.6377081871032715, 1.6703710556030273, 1.734313726425171, 1.6324841976165771, 1.532548189163208, 1.4576709270477295, 1.474851369857788, 1.4721956253051758, 1.669752836227417, 1.4717588424682617, 1.6720573902130127, 1.6346855163574219, 1.607997179031372, 1.6112754344940186, 1.6522760391235352, 1.666440725326538, 1.616081953048706, 1.5155000686645508, 1.6285369396209717, 1.461817741394043, 1.4687285423278809, 1.6217381954193115, 1.486436128616333], "comm_send": [0.00021648406982421875, 0.00019431114196777344, 0.0002434253692626953, 0.00018215179443359375, 0.00018143653869628906, 0.00018024444580078125, 0.00020503997802734375, 0.00018405914306640625, 0.00020766258239746094, 0.00019073486328125, 0.00022339820861816406, 0.00019669532775878906, 0.0001785755157470703, 0.0002052783966064453, 0.0001544952392578125, 0.00019741058349609375, 0.0001800060272216797, 0.0002086162567138672, 0.00018024444580078125, 0.0001785755157470703, 0.00017762184143066406, 0.00019669532775878906, 0.000217437744140625, 0.00019693374633789062, 0.00030493736267089844, 0.0001888275146484375, 0.00019121170043945312, 0.00018477439880371094, 0.00020956993103027344, 0.0001990795135498047, 0.0001933574676513672, 0.00018548965454101562, 0.0001850128173828125, 0.0001995563507080078, 0.0002205371856689453, 0.00019478797912597656, 0.0002675056457519531, 0.00018835067749023438, 0.00038695335388183594, 0.00019550323486328125, 0.0001862049102783203, 0.00021648406982421875, 0.00018477439880371094, 0.000186920166015625, 0.00021147727966308594, 0.00019860267639160156, 0.00018715858459472656, 0.0001850128173828125, 0.0002052783966064453, 0.0002231597900390625, 0.0001990795135498047, 0.0001838207244873047, 0.000209808349609375, 0.00018668174743652344, 0.0002067089080810547, 0.0002067089080810547, 0.00018024444580078125, 0.00018548965454101562, 0.00021457672119140625, 0.00019502639770507812, 0.00019478797912597656, 0.00021338462829589844, 0.0001881122589111328, 0.00019240379333496094, 0.0002624988555908203, 0.00018930435180664062, 0.00018668174743652344, 0.00018858909606933594, 0.00020456314086914062, 0.00021982192993164062, 0.0001938343048095703, 0.0002048015594482422, 0.0001823902130126953, 0.00019621849060058594, 0.00018668174743652344, 0.0002040863037109375, 0.00020313262939453125, 0.0001804828643798828, 0.00017905235290527344, 0.00018143653869628906, 0.00018644332885742188, 0.00018143653869628906, 0.0002028942108154297, 0.00019121170043945312, 0.00019407272338867188, 0.0002193450927734375, 0.00020313262939453125, 0.000179290771484375, 0.00018548965454101562, 0.0002155303955078125, 0.00018787384033203125, 0.00017786026000976562, 0.00018286705017089844, 0.0001933574676513672, 0.00019741058349609375, 0.00017976760864257812, 0.00020456314086914062, 0.0002067089080810547, 0.00019216537475585938, 0.00019550323486328125], "comm_recv": [3.6769137382507324, 3.3404932022094727, 3.2107319831848145, 3.172210931777954, 3.137232542037964, 3.4513630867004395, 3.3138949871063232, 3.2276065349578857, 3.263176441192627, 3.496361255645752, 3.2503468990325928, 3.3808553218841553, 3.127439260482788, 3.3805835247039795, 2.986330986022949, 3.783127784729004, 3.184605121612549, 3.331214189529419, 3.2064459323883057, 3.798389196395874, 3.2577943801879883, 3.3201160430908203, 3.7418549060821533, 3.5482215881347656, 3.183070421218872, 3.5457491874694824, 3.329455852508545, 3.1928141117095947, 3.295548677444458, 3.26837420463562, 3.3307454586029053, 3.1402482986450195, 3.2502307891845703, 3.2163896560668945, 3.244250774383545, 3.242680072784424, 3.2768900394439697, 3.4255995750427246, 3.2814958095550537, 3.325576066970825, 3.466434955596924, 3.431014060974121, 3.0489628314971924, 3.270787000656128, 3.2692654132843018, 3.3101646900177, 3.3024840354919434, 3.1930313110351562, 3.272871494293213, 3.4035627841949463, 3.3747334480285645, 3.8208279609680176, 3.442049741744995, 3.2924342155456543, 3.3539490699768066, 3.3692924976348877, 3.176175117492676, 3.024139404296875, 3.4994914531707764, 3.3192503452301025, 3.403629779815674, 3.2102713584899902, 3.307574510574341, 3.293628692626953, 3.3034114837646484, 3.2622649669647217, 3.0867438316345215, 3.102710485458374, 3.1957955360412598, 3.4369800090789795, 3.0488297939300537, 3.469956636428833, 3.205303192138672, 3.201326608657837, 3.123433828353882, 3.2829229831695557, 3.4519081115722656, 3.245191812515259, 3.242506504058838, 3.125316858291626, 3.905458927154541, 3.195495128631592, 3.3081939220428467, 3.2461702823638916, 3.610537052154541, 3.1613242626190186, 3.2441635131835938, 3.2170250415802, 3.2244553565979004, 3.290212869644165, 3.2721898555755615, 3.824059247970581, 3.2749078273773193, 3.610701560974121, 3.351217031478882, 3.1718578338623047, 3.4713644981384277, 3.5593366622924805, 3.3469157218933105, 3.5297493934631348],