{"times": {"train": [5.852419137954712, 1.4648468494415283, 1.442033290863037, 1.7762160301208496, 1.645925760269165, 1.515019416809082, 1.4387078285217285, 1.4899659156799316, 1.4337856769561768, 1.915463924407959, 1.451589822769165, 1.6087696552276611, 1.623180866241455, 1.7570369243621826, 1.612750768661499, 1.67301607131958, 1.7631986141204834, 1.4959948062896729, 1.9168071746826172, 1.7905771732330322, 1.6114044189453125, 1.612722635269165, 1.6691768169403076, 1.6217684745788574, 1.622750997543335, 1.4525821208953857, 1.4789485931396484, 1.6297788619995117, 1.4866704940795898, 1.5897932052612305, 1.766374111175537, 1.7766990661621094, 1.48079252243042, 1.623488426208496, 1.4708902835845947, 1.5184876918792725, 1.5225329399108887, 1.6496613025665283, 1.62270188331604, 1.7200851440429688, 1.4551589488983154, 1.6458978652954102, 1.4517099857330322, 1.749267816543579, 1.7845649719238281, 1.4694960117340088, 1.4835329055786133, 1.6396632194519043, 1.6234545707702637, 1.6420199871063232, 1.627171516418457, 1.4907410144805908, 1.4659144878387451, 1.4920952320098877, 1.5054712295532227, 1.5009634494781494, 1.4495246410369873, 1.749119520187378, 1.7586591243743896, 1.5850334167480469, 1.7376644611358643, 1.4860596656799316, 1.778172492980957, 1.422713041305542, 1.7607622146606445, 1.514843225479126, 1.66825532913208, 1.6072907447814941, 1.6350188255310059, 1.5204293727874756, 1.488250494003296, 1.6393041610717773, 1.417229413986206, 1.7688181400299072, 1.629549503326416, 1.6750037670135498, 1.9173927307128906, 1.4180850982666016, 1.728217601776123, 1.7778699398040771, 1.5896122455596924, 1.4990234375, 1.4676547050476074, 1.642090082168579, 1.4705572128295898, 1.4931631088256836, 1.636606216430664, 1.8601250648498535, 1.7637076377868652, 1.4905924797058105, 1.6446881294250488, 1.5278677940368652, 1.6621525287628174, 1.603611707687378, 1.6100196838378906, 1.6105217933654785, 1.7572071552276611, 1.5143840312957764, 1.4931566715240479, 1.7648355960845947], "comm_send": [0.00018072128295898438, 0.0002071857452392578, 0.0001995563507080078, 0.00017261505126953125, 0.00018143653869628906, 0.00019478797912597656, 0.0002276897430419922, 0.00018143653869628906, 0.00021123886108398438, 0.0001671314239501953, 0.0002090930938720703, 0.00018286705017089844, 0.00022101402282714844, 0.00017786026000976562, 0.0001800060272216797, 0.0001685619354248047, 0.0001785755157470703, 0.00019693374633789062, 0.00017595291137695312, 0.000171661376953125, 0.00020360946655273438, 0.00017952919006347656, 0.00017905235290527344, 0.00018143653869628906, 0.00017595291137695312, 0.00021457672119140625, 0.00018906593322753906, 0.00017118453979492188, 0.00023436546325683594, 0.00018167495727539062, 0.0001800060272216797, 0.00018835067749023438, 0.0001857280731201172, 0.00018453598022460938, 0.00018334388732910156, 0.00017690658569335938, 0.00019478797912597656, 0.00020813941955566406, 0.00017762184143066406, 0.00018143653869628906, 0.00020051002502441406, 0.00018739700317382812, 0.00020384788513183594, 0.0002627372741699219, 0.00017786026000976562, 0.00019407272338867188, 0.0001888275146484375, 0.0001838207244873047, 0.00017881393432617188, 0.00019788742065429688, 0.00017833709716796875, 0.00019216537475585938, 0.00019311904907226562, 0.00018835067749023438, 0.00021767616271972656, 0.00021386146545410156, 0.0002009868621826172, 0.0001747608184814453, 0.00017571449279785156, 0.00018858909606933594, 0.0001800060272216797, 0.0001995563507080078, 0.00017952919006347656, 0.0001976490020751953, 0.00017595291137695312, 0.00020432472229003906, 0.0001735687255859375, 0.00017642974853515625, 0.00017571449279785156, 0.00019431114196777344, 0.0001895427703857422, 0.0001811981201171875, 0.00020170211791992188, 0.00017309188842773438, 0.0001850128173828125, 0.00017595291137695312, 0.00017118453979492188, 0.0002052783966064453, 0.00017118453979492188, 0.00017905235290527344, 0.00023365020751953125, 0.0001926422119140625, 0.00018787384033203125, 0.00017762184143066406, 0.00019097328186035156, 0.0002033710479736328, 0.0001766681671142578, 0.00017189979553222656, 0.00017499923706054688, 0.00019598007202148438, 0.0001850128173828125, 0.0002205371856689453, 0.00019216537475585938, 0.00018715858459472656, 0.0001773834228515625, 0.000179290771484375, 0.00017905235290527344, 0.00018453598022460938, 0.00020956993103027344, 0.0001780986785888672], "comm_recv": [3.631406307220459, 3.393479824066162, 3.4000113010406494, 3.151888132095337, 3.0145108699798584, 3.554574489593506, 3.3698513507843018, 3.3645875453948975, 3.283029556274414, 3.1996638774871826, 3.4350688457489014, 3.2463557720184326, 3.162604331970215, 3.081362247467041, 2.985668897628784, 3.587090015411377, 3.024369955062866, 3.315082311630249, 3.051422595977783, 3.6388092041015625, 3.259446144104004, 3.195861339569092, 3.5474135875701904, 3.442546844482422, 3.104212760925293, 3.596834659576416, 3.349499464035034, 3.070221424102783, 3.280801773071289, 3.1772594451904297, 3.075322389602661, 3.152845621109009, 3.4086287021636963, 3.1859934329986572, 3.359562873840332, 3.2278504371643066, 3.2386553287506104, 3.3978259563446045, 3.2944726943969727, 3.241166830062866, 3.5403966903686523, 3.2432734966278076, 3.3658173084259033, 3.1549484729766846, 3.0825111865997314, 3.3491857051849365, 3.316615581512451, 3.4688148498535156, 3.0988669395446777, 3.240631341934204, 3.236732244491577, 3.8568878173828125, 3.4411110877990723, 3.2943968772888184, 3.2914273738861084, 3.331778049468994, 3.337456703186035, 3.0581390857696533, 3.210812568664551, 3.387394428253174, 3.3275527954101562, 3.2621452808380127, 3.1957039833068848, 3.4785985946655273, 3.0459415912628174, 3.3767287731170654, 3.0847342014312744, 3.117251396179199, 3.0364925861358643, 3.372790575027466, 3.35731840133667, 3.3306527137756348, 3.4341318607330322, 3.055467128753662, 3.273470640182495, 3.0682787895202637, 3.0890419483184814, 3.4642441272735596, 3.1855194568634033, 3.081915855407715, 3.9486916065216064, 3.2290053367614746, 3.298722267150879, 3.078948974609375, 3.6126530170440674, 3.3379342555999756, 3.08010196685791, 3.0296456813812256, 3.095430374145508, 3.4074435234069824, 3.2395973205566406, 3.948556900024414, 3.2799813747406006, 3.62312388420105, 3.257382392883301, 3.1904685497283936, 3.1760408878326416, 3.5142648220062256, 3.4770333766937256, 3.2516744136810303],