{"times": {"train": [5.823817729949951, 1.649693489074707, 1.4566175937652588, 1.4929537773132324, 1.47031569480896, 1.6306676864624023, 1.6298418045043945, 1.4945363998413086, 1.4838156700134277, 1.6594226360321045, 1.4414281845092773, 1.6233973503112793, 1.4814867973327637, 1.514277696609497, 1.4885146617889404, 1.450422763824463, 1.4852705001831055, 1.6247670650482178, 1.6182374954223633, 1.5946130752563477, 1.800546407699585, 1.6165142059326172, 1.571772575378418, 1.6092207431793213, 1.5036499500274658, 1.5933847427368164, 1.763052225112915, 1.4361460208892822, 1.6054792404174805, 1.6460332870483398, 1.803222417831421, 1.4812664985656738, 1.6462886333465576, 1.6210687160491943, 1.6106085777282715, 1.6289896965026855, 1.6034135818481445, 1.4872620105743408, 1.6081185340881348, 1.6355304718017578, 1.8021464347839355, 1.4827520847320557, 1.6036505699157715, 1.6107087135314941, 1.792980670928955, 1.587223768234253, 1.596297025680542, 1.6251718997955322, 1.582423448562622, 1.6426572799682617, 1.4763996601104736, 1.6557447910308838, 1.6214396953582764, 1.6256163120269775, 1.4874927997589111, 1.631742238998413, 1.4865150451660156, 1.773041009902954, 1.6350557804107666, 1.7233238220214844, 1.658074140548706, 1.6129212379455566, 1.589416742324829, 1.605936050415039, 1.4721317291259766, 1.6071100234985352, 1.4655985832214355, 1.6573808193206787, 1.5082004070281982, 1.606748342514038, 1.7725481986999512, 1.597844123840332, 1.4979405403137207, 1.6013212203979492, 1.7843656539916992, 1.5042848587036133, 1.6182637214660645, 1.5821661949157715, 1.4531781673431396, 1.6410818099975586, 1.5128374099731445, 1.657820224761963, 1.4678592681884766, 1.631150245666504, 1.4529075622558594, 1.749070167541504, 1.6224794387817383, 1.4971554279327393, 1.7620742321014404, 1.6079626083374023, 1.723097801208496, 1.5336248874664307, 1.6163947582244873, 1.480060338973999, 1.439232349395752, 1.4775888919830322, 1.5107340812683105, 1.6055607795715332, 1.605008602142334, 1.7559025287628174], "comm_send": [0.00017642974853515625, 0.0001811981201171875, 0.0001976490020751953, 0.00020503997802734375, 0.0002067089080810547, 0.0001773834228515625, 0.00017952919006347656, 0.00018715858459472656, 0.00018739700317382812, 0.00019812583923339844, 0.00019979476928710938, 0.0001914501190185547, 0.00018668174743652344, 0.0002434253692626953, 0.00019121170043945312, 0.0002510547637939453, 0.0001735687255859375, 0.00017976760864257812, 0.00017571449279785156, 0.00020241737365722656, 0.00017023086547851562, 0.00017905235290527344, 0.0001876354217529297, 0.00018930435180664062, 0.0001964569091796875, 0.00019502639770507812, 0.0001800060272216797, 0.00020647048950195312, 0.00017642974853515625, 0.000179290771484375, 0.00018715858459472656, 0.00019025802612304688, 0.00018024444580078125, 0.00018715858459472656, 0.00018596649169921875, 0.00017380714416503906, 0.00018930435180664062, 0.0001983642578125, 0.00018358230590820312, 0.00018978118896484375, 0.0001811981201171875, 0.0001914501190185547, 0.000179290771484375, 0.00018024444580078125, 0.0001780986785888672, 0.00017595291137695312, 0.00017547607421875, 0.00019311904907226562, 0.00018405914306640625, 0.0001780986785888672, 0.0002086162567138672, 0.00019288063049316406, 0.00017595291137695312, 0.00017595291137695312, 0.00018835067749023438, 0.00018072128295898438, 0.00021004676818847656, 0.00018024444580078125, 0.00017189979553222656, 0.00020551681518554688, 0.00018739700317382812, 0.0001785755157470703, 0.00018787384033203125, 0.00018310546875, 0.0002086162567138672, 0.0001983642578125, 0.00020384788513183594, 0.00017404556274414062, 0.00019097328186035156, 0.00017976760864257812, 0.00020265579223632812, 0.00018477439880371094, 0.00020122528076171875, 0.00018715858459472656, 0.0001728534698486328, 0.00017952919006347656, 0.00018358230590820312, 0.0001964569091796875, 0.00020837783813476562, 0.00020241737365722656, 0.00018358230590820312, 0.00017952919006347656, 0.000186920166015625, 0.00017523765563964844, 0.0002472400665283203, 0.0001704692840576172, 0.0001773834228515625, 0.00020551681518554688, 0.00017952919006347656, 0.0001785755157470703, 0.0001761913299560547, 0.0001800060272216797, 0.00019812583923339844, 0.00019097328186035156, 0.00022149085998535156, 0.0001938343048095703, 0.00019216537475585938, 0.00017714500427246094, 0.00017905235290527344, 0.00017690658569335938], "comm_recv": [3.6621711254119873, 3.2086777687072754, 3.385503053665161, 3.434795618057251, 3.1895883083343506, 3.4385757446289062, 3.179262638092041, 3.360060453414917, 3.231719970703125, 3.4567933082580566, 3.445437431335449, 3.231520175933838, 3.303959369659424, 3.3240604400634766, 3.110128879547119, 3.8092870712280273, 3.300877809524536, 3.1867449283599854, 3.3492701053619385, 3.835268497467041, 3.070493459701538, 3.1923744678497314, 3.6446075439453125, 3.454594135284424, 3.2228891849517822, 3.4561960697174072, 3.0654520988464355, 3.263322591781616, 3.1624433994293213, 3.1209375858306885, 3.0383524894714355, 3.448864459991455, 3.242762565612793, 3.188249111175537, 3.2194135189056396, 3.117558002471924, 3.1575772762298584, 3.5604641437530518, 3.3089513778686523, 3.3252642154693604, 3.19330096244812, 3.406914472579956, 3.2137091159820557, 3.2939107418060303, 3.073890209197998, 3.231513261795044, 3.2049543857574463, 3.4831905364990234, 3.139727830886841, 3.240088939666748, 3.38690447807312, 3.6915972232818604, 3.2860872745513916, 3.161076068878174, 3.309281349182129, 3.2012345790863037, 3.300722122192383, 3.034297227859497, 3.334268808364868, 3.2490782737731934, 3.4063847064971924, 3.135505199432373, 3.384723663330078, 3.2957444190979004, 3.3346128463745117, 3.284806728363037, 3.2866415977478027, 3.0668811798095703, 3.1642069816589355, 3.2865407466888428, 3.072214126586914, 3.372405767440796, 3.3526015281677246, 3.2231314182281494, 3.1183104515075684, 3.2389416694641113, 3.3882339000701904, 3.3006749153137207, 3.4598910808563232, 3.218181610107422, 4.025848150253296, 3.0705065727233887, 3.2984418869018555, 3.0901732444763184, 3.630092144012451, 3.0819342136383057, 3.0934829711914062, 3.3921291828155518, 3.097414255142212, 3.2907063961029053, 3.1611573696136475, 3.943011522293091, 3.3256447315216064, 3.746953248977661, 3.4272830486297607, 3.3227405548095703, 3.4228057861328125, 3.422886371612549, 3.365351438522339, 3.2608680725097656],