{"times": {"train": [5.649942874908447, 1.6313374042510986, 1.6321194171905518, 1.6238391399383545, 1.5164663791656494, 1.4620230197906494, 1.488147258758545, 1.4968304634094238, 1.6353578567504883, 1.4525399208068848, 1.6563127040863037, 1.4430325031280518, 1.777876615524292, 1.627777099609375, 1.4935178756713867, 1.6192870140075684, 1.457854986190796, 1.4607553482055664, 1.5022637844085693, 1.601853370666504, 1.5024456977844238, 1.4840176105499268, 1.4790763854980469, 1.471226692199707, 1.6082520484924316, 1.9180185794830322, 1.6068072319030762, 1.5110821723937988, 1.464341640472412, 1.4533658027648926, 1.8007314205169678, 1.4649512767791748, 1.4522559642791748, 1.616821050643921, 1.7221810817718506, 1.6383514404296875, 1.6494286060333252, 1.6213622093200684, 1.6066291332244873, 1.448146104812622, 1.5318095684051514, 1.6391823291778564, 1.7339444160461426, 1.4934203624725342, 1.6356201171875, 1.604020595550537, 1.5984020233154297, 1.4415347576141357, 1.4854583740234375, 1.5882556438446045, 1.4158275127410889, 1.4826233386993408, 1.6670851707458496, 1.4728848934173584, 1.5989842414855957, 1.479966402053833, 1.4680798053741455, 1.4559922218322754, 1.511594295501709, 1.4500064849853516, 1.4785547256469727, 1.5958592891693115, 1.4561805725097656, 1.792513132095337, 1.4760944843292236, 1.7605507373809814, 1.4698090553283691, 1.4718146324157715, 1.5663089752197266, 1.6552493572235107, 1.7523193359375, 1.4857048988342285, 1.7816188335418701, 1.4537296295166016, 1.637939214706421, 1.4743380546569824, 1.4773554801940918, 1.6206934452056885, 1.5073497295379639, 1.4901118278503418, 1.7349627017974854, 1.6082055568695068, 1.6503369808197021, 1.5877737998962402, 1.589355707168579, 1.633315086364746, 1.4954664707183838, 1.5250756740570068, 1.6276400089263916, 1.478858470916748, 1.755042314529419, 1.6448423862457275, 1.609494924545288, 1.629347324371338, 1.7649991512298584, 1.4519882202148438, 1.520897388458252, 1.6233692169189453, 1.441190242767334, 1.475705623626709], "comm_send": [0.00019812583923339844, 0.00018739700317382812, 0.00020837783813476562, 0.00020265579223632812, 0.0001842975616455078, 0.00021123886108398438, 0.00018548965454101562, 0.00018906593322753906, 0.0001785755157470703, 0.00020766258239746094, 0.00018668174743652344, 0.00020122528076171875, 0.00018835067749023438, 0.00018286705017089844, 0.00018525123596191406, 0.00023889541625976562, 0.00021314620971679688, 0.0002052783966064453, 0.00018930435180664062, 0.00020503997802734375, 0.00019216537475585938, 0.0002014636993408203, 0.0002129077911376953, 0.0002086162567138672, 0.00021648406982421875, 0.00017786026000976562, 0.0001876354217529297, 0.00018858909606933594, 0.00021314620971679688, 0.00024318695068359375, 0.00017499923706054688, 0.00019478797912597656, 0.00019598007202148438, 0.00018668174743652344, 0.0001800060272216797, 0.00017595291137695312, 0.00017523765563964844, 0.0001895427703857422, 0.00018548965454101562, 0.00021338462829589844, 0.00017714500427246094, 0.0001652240753173828, 0.00017333030700683594, 0.00022912025451660156, 0.00018453598022460938, 0.00017976760864257812, 0.00017690658569335938, 0.0002124309539794922, 0.00020170211791992188, 0.00019168853759765625, 0.00020813941955566406, 0.00019359588623046875, 0.00019168853759765625, 0.00019288063049316406, 0.00018358230590820312, 0.00019121170043945312, 0.00019407272338867188, 0.00020170211791992188, 0.0001938343048095703, 0.00020194053649902344, 0.000202178955078125, 0.00018286705017089844, 0.00020265579223632812, 0.00018215179443359375, 0.00020265579223632812, 0.00017976760864257812, 0.00022220611572265625, 0.00020432472229003906, 0.000186920166015625, 0.00017142295837402344, 0.00018262863159179688, 0.00023508071899414062, 0.00017905235290527344, 0.00030875205993652344, 0.00017714500427246094, 0.0001990795135498047, 0.0002009868621826172, 0.00025081634521484375, 0.00019693374633789062, 0.00021457672119140625, 0.00018262863159179688, 0.00018548965454101562, 0.0001862049102783203, 0.00018262863159179688, 0.0001850128173828125, 0.00019240379333496094, 0.00019073486328125, 0.00019216537475585938, 0.0001900196075439453, 0.0002562999725341797, 0.00018358230590820312, 0.00018930435180664062, 0.00019025802612304688, 0.00018668174743652344, 0.0001811981201171875, 0.00020599365234375, 0.0001971721649169922, 0.00018167495727539062, 0.00020766258239746094, 0.0001976490020751953], "comm_recv": [3.8339083194732666, 3.2266156673431396, 3.209643602371216, 3.303349733352661, 3.1439223289489746, 3.6069958209991455, 3.3204667568206787, 3.3575479984283447, 3.0802910327911377, 3.663743257522583, 3.230217218399048, 3.4112069606781006, 3.006889581680298, 3.210543155670166, 3.1050570011138916, 3.6408016681671143, 3.3289687633514404, 3.3498737812042236, 3.4653923511505127, 3.828265428543091, 3.368387460708618, 3.3249545097351074, 3.736565589904785, 3.5919737815856934, 3.1183454990386963, 3.1313371658325195, 3.221703290939331, 3.1883487701416016, 3.3029286861419678, 3.3126749992370605, 3.040570020675659, 3.464901924133301, 3.4367995262145996, 3.1926538944244385, 3.1083695888519287, 3.107607126235962, 3.11177134513855, 3.4261794090270996, 3.3102519512176514, 3.512211561203003, 3.464113235473633, 3.2501442432403564, 3.083679676055908, 3.4108123779296875, 3.2314870357513428, 3.2142512798309326, 3.2025697231292725, 3.666503429412842, 3.236304521560669, 3.294175624847412, 3.4472737312316895, 3.8647210597991943, 3.2389445304870605, 3.31343674659729, 3.197791337966919, 3.3525390625, 3.3189539909362793, 3.3511440753936768, 3.457834243774414, 3.5217390060424805, 3.5857932567596436, 3.152179002761841, 3.517348527908325, 3.108938455581665, 3.329573392868042, 3.130991220474243, 3.2822482585906982, 3.2517709732055664, 3.106114625930786, 3.2380919456481934, 3.093529224395752, 3.4842381477355957, 3.0695674419403076, 3.3701975345611572, 3.264843463897705, 3.2683160305023193, 3.5285403728485107, 3.261840581893921, 3.405622959136963, 3.3695242404937744, 3.8037052154541016, 3.1200053691864014, 3.116055727005005, 3.132883071899414, 3.4936318397521973, 3.1976637840270996, 3.2208752632141113, 3.3642594814300537, 3.231797456741333, 3.4181411266326904, 3.128542184829712, 3.8310706615448, 3.3320624828338623, 3.5977368354797363, 3.1016719341278076, 3.3480100631713867, 3.412721872329712, 3.405083179473877, 3.5285840034484863, 3.5404458045959473],