{"times": {"train": [5.824570655822754, 1.7764613628387451, 1.5868287086486816, 1.44586181640625, 1.485144853591919, 1.917407751083374, 1.6026825904846191, 1.4885804653167725, 1.5156753063201904, 1.7605345249176025, 1.7380290031433105, 1.614325761795044, 1.4609870910644531, 1.6268866062164307, 1.442723035812378, 1.6338996887207031, 1.6127526760101318, 1.6316635608673096, 1.457662582397461, 1.498011827468872, 1.5759608745574951, 1.6221973896026611, 1.7638318538665771, 1.5996768474578857, 1.6352801322937012, 1.4667809009552002, 1.5067381858825684, 1.5980074405670166, 1.6006455421447754, 1.419006109237671, 1.4269590377807617, 1.60660982131958, 1.426567554473877, 1.4172885417938232, 1.4680449962615967, 1.6096911430358887, 1.6402485370635986, 1.7657628059387207, 1.6516764163970947, 1.7652924060821533, 1.6438982486724854, 1.5953598022460938, 1.612593412399292, 1.6222376823425293, 1.668536901473999, 1.586785078048706, 1.4573822021484375, 1.5303959846496582, 1.4233920574188232, 1.659299612045288, 1.6710238456726074, 1.4891886711120605, 1.516963005065918, 1.721883773803711, 1.4416444301605225, 1.761171579360962, 1.5871644020080566, 1.6215050220489502, 1.5904605388641357, 1.7458794116973877, 1.6043658256530762, 1.4867422580718994, 1.600428581237793, 1.5707600116729736, 1.6513326168060303, 1.7900335788726807, 1.5335469245910645, 1.4936718940734863, 1.5132129192352295, 1.506133794784546, 1.7590069770812988, 1.9157423973083496, 1.7683143615722656, 1.4858431816101074, 1.7604176998138428, 1.5902578830718994, 1.623800277709961, 1.771677017211914, 1.5023303031921387, 1.4570159912109375, 1.9149882793426514, 1.423466444015503, 1.4687998294830322, 1.4706625938415527, 1.4799091815948486, 1.6200947761535645, 1.5878818035125732, 1.5192339420318604, 1.606724739074707, 1.4585051536560059, 1.6148929595947266, 1.5980439186096191, 1.4571900367736816, 1.7459080219268799, 1.6165859699249268, 1.4936304092407227, 1.6206161975860596, 1.6170082092285156, 1.4119634628295898, 1.7642695903778076], "comm_send": [0.0004203319549560547, 0.0001804828643798828, 0.00018596649169921875, 0.00020885467529296875, 0.00019407272338867188, 0.0001723766326904297, 0.00019288063049316406, 0.00019311904907226562, 0.0001842975616455078, 0.00017690658569335938, 0.000171661376953125, 0.0001823902130126953, 0.00019669532775878906, 0.00019431114196777344, 0.00020742416381835938, 0.000179290771484375, 0.00015926361083984375, 0.00016379356384277344, 0.0001857280731201172, 0.00020647048950195312, 0.0001857280731201172, 0.00020933151245117188, 0.00020432472229003906, 0.000194549560546875, 0.00019979476928710938, 0.00019097328186035156, 0.00018739700317382812, 0.0001785755157470703, 0.00018024444580078125, 0.00020432472229003906, 0.00021338462829589844, 0.000186920166015625, 0.00020360946655273438, 0.00020360946655273438, 0.00019502639770507812, 0.00018453598022460938, 0.00017142295837402344, 0.00018668174743652344, 0.00018024444580078125, 0.0001785755157470703, 0.00017213821411132812, 0.00018405914306640625, 0.0001811981201171875, 0.00018525123596191406, 0.00017976760864257812, 0.00018405914306640625, 0.0001995563507080078, 0.00020694732666015625, 0.00020241737365722656, 0.0001838207244873047, 0.00017714500427246094, 0.00018453598022460938, 0.00018405914306640625, 0.00016546249389648438, 0.00019097328186035156, 0.00017714500427246094, 0.0002033710479736328, 0.0001800060272216797, 0.0002067089080810547, 0.00018405914306640625, 0.00019478797912597656, 0.00019478797912597656, 0.00018072128295898438, 0.00018453598022460938, 0.0001728534698486328, 0.0002033710479736328, 0.0002372264862060547, 0.0001876354217529297, 0.00018715858459472656, 0.0001957416534423828, 0.00017213821411132812, 0.0001938343048095703, 0.0001995563507080078, 0.00022935867309570312, 0.00017499923706054688, 0.00017189979553222656, 0.00017642974853515625, 0.0001728534698486328, 0.00019669532775878906, 0.00020074844360351562, 0.000171661376953125, 0.00021123886108398438, 0.00018286705017089844, 0.00018668174743652344, 0.0001785755157470703, 0.0002543926239013672, 0.00020074844360351562, 0.0002491474151611328, 0.00018835067749023438, 0.0002033710479736328, 0.00018072128295898438, 0.0001800060272216797, 0.0001850128173828125, 0.00017595291137695312, 0.00018548965454101562, 0.00018739700317382812, 0.00019788742065429688, 0.00029015541076660156, 0.00021505355834960938, 0.00017714500427246094], "comm_recv": [3.6592907905578613, 3.0886924266815186, 3.255765676498413, 3.481466054916382, 3.17525315284729, 3.1522457599639893, 3.2074544429779053, 3.3661434650421143, 3.199910879135132, 3.355487823486328, 3.1494996547698975, 3.240377426147461, 3.322852611541748, 3.2114593982696533, 3.1553900241851807, 3.6265597343444824, 3.1741058826446533, 3.179563522338867, 3.5107686519622803, 3.930608034133911, 3.2956061363220215, 3.186800479888916, 3.4528720378875732, 3.4643990993499756, 3.0900003910064697, 3.5832090377807617, 3.3219826221466064, 3.1015193462371826, 3.167192220687866, 3.3474254608154297, 3.415503978729248, 3.3238608837127686, 3.46247935295105, 3.3920350074768066, 3.3625996112823486, 3.136364459991455, 3.121238946914673, 3.28216814994812, 3.265793800354004, 3.196181297302246, 3.353543281555176, 3.2945055961608887, 3.205326795578003, 3.283663511276245, 3.1991865634918213, 3.2324602603912354, 3.343630075454712, 3.5780258178710938, 3.2987260818481445, 3.221886157989502, 3.192655324935913, 3.858804225921631, 3.3908751010894775, 3.0650992393493652, 3.3550925254821777, 3.073331356048584, 3.200307607650757, 3.1865427494049072, 3.3794617652893066, 3.2265665531158447, 3.4609293937683105, 3.2604384422302246, 3.3734681606292725, 3.3309614658355713, 3.1563003063201904, 3.1021339893341064, 3.2192440032958984, 3.2323644161224365, 3.159539222717285, 3.387092351913452, 3.0871481895446777, 3.054842233657837, 3.083291530609131, 3.338452100753784, 3.142186164855957, 3.153681755065918, 3.3831591606140137, 3.111048698425293, 3.411219835281372, 3.401838541030884, 3.62392520904541, 3.3046047687530518, 3.297706365585327, 3.2507429122924805, 3.6033804416656494, 3.211164951324463, 3.1290171146392822, 3.370353937149048, 3.2528529167175293, 3.4396324157714844, 3.269968032836914, 3.8788506984710693, 3.485762119293213, 3.4816505908966064, 3.2501957416534424, 3.3069446086883545, 3.313056468963623, 3.410374402999878, 3.5578417778015137, 3.2524044513702393],