{"times": {"train": [5.881706476211548, 1.520972728729248, 1.4960029125213623, 1.5991744995117188, 1.657989501953125, 1.6018612384796143, 1.614898920059204, 1.6464922428131104, 1.6317968368530273, 1.6133129596710205, 1.7905476093292236, 1.6840195655822754, 1.6405718326568604, 1.5700764656066895, 1.4953079223632812, 1.5067133903503418, 1.6026349067687988, 1.598006010055542, 1.6388263702392578, 1.6348812580108643, 1.4895820617675781, 1.6597952842712402, 1.6715941429138184, 1.6196184158325195, 1.5774943828582764, 1.4778754711151123, 1.621614694595337, 1.4718718528747559, 1.6727235317230225, 1.5004096031188965, 1.4896728992462158, 1.476771354675293, 1.7598249912261963, 1.6304206848144531, 1.428661584854126, 1.6212821006774902, 1.5127818584442139, 1.7842159271240234, 1.4675452709197998, 1.4850664138793945, 1.6297211647033691, 1.668471097946167, 1.4826042652130127, 1.482323169708252, 1.7650163173675537, 1.4921038150787354, 1.4864685535430908, 1.634162425994873, 1.418018102645874, 1.5741848945617676, 1.7509253025054932, 1.5976405143737793, 1.638127088546753, 1.6185765266418457, 1.6126420497894287, 1.4635367393493652, 1.7579448223114014, 1.647381067276001, 1.6466472148895264, 1.4736700057983398, 1.4759190082550049, 1.5975420475006104, 1.6101233959197998, 1.4927582740783691, 1.6334586143493652, 1.6143531799316406, 1.652637004852295, 1.4997913837432861, 1.4524874687194824, 1.7826423645019531, 1.5271263122558594, 1.7893610000610352, 1.6049304008483887, 1.640662431716919, 1.756798505783081, 1.4904987812042236, 1.5288679599761963, 1.766721487045288, 1.635254144668579, 1.5071098804473877, 1.6195273399353027, 1.458664894104004, 1.6388683319091797, 1.6173803806304932, 1.6416757106781006, 1.5814313888549805, 1.6228265762329102, 1.6028504371643066, 1.4595973491668701, 1.601891040802002, 1.6755406856536865, 1.4803500175476074, 1.7644248008728027, 1.616563081741333, 1.5743002891540527, 1.431363582611084, 1.5095162391662598, 1.4506304264068604, 1.4235203266143799, 1.6107177734375], "comm_send": [0.00019097328186035156, 0.0001964569091796875, 0.00020194053649902344, 0.0001990795135498047, 0.00018644332885742188, 0.00019097328186035156, 0.0001862049102783203, 0.0001823902130126953, 0.00018262863159179688, 0.00023484230041503906, 0.000179290771484375, 0.00018215179443359375, 0.0001823902130126953, 0.00019979476928710938, 0.0001850128173828125, 0.00019931793212890625, 0.00017905235290527344, 0.00019478797912597656, 0.00018072128295898438, 0.00017642974853515625, 0.00020003318786621094, 0.0001761913299560547, 0.00028824806213378906, 0.00018143653869628906, 0.00018310546875, 0.00018835067749023438, 0.00018739700317382812, 0.00019598007202148438, 0.00018143653869628906, 0.0002200603485107422, 0.00020003318786621094, 0.00019931793212890625, 0.0001819133758544922, 0.00017952919006347656, 0.00020241737365722656, 0.00018548965454101562, 0.00019216537475585938, 0.00018167495727539062, 0.00019669532775878906, 0.00020003318786621094, 0.00018525123596191406, 0.0001277923583984375, 0.00018548965454101562, 0.00020599365234375, 0.0002238750457763672, 0.0002002716064453125, 0.0002434253692626953, 0.0001914501190185547, 0.0002779960632324219, 0.0001895427703857422, 0.000186920166015625, 0.00017881393432617188, 0.0002040863037109375, 0.00018906593322753906, 0.00018334388732910156, 0.0002181529998779297, 0.0001780986785888672, 0.00015687942504882812, 0.000209808349609375, 0.0002048015594482422, 0.00020384788513183594, 0.0001838207244873047, 0.0001857280731201172, 0.0001995563507080078, 0.0001957416534423828, 0.00020194053649902344, 0.00018477439880371094, 0.0001900196075439453, 0.0002079010009765625, 0.0001735687255859375, 0.00020599365234375, 0.00018930435180664062, 0.0002465248107910156, 0.00017595291137695312, 0.0001728534698486328, 0.00018739700317382812, 0.00019550323486328125, 0.00017905235290527344, 0.00017642974853515625, 0.0001983642578125, 0.0001842975616455078, 0.0001957416534423828, 0.000179290771484375, 0.0001773834228515625, 0.0002002716064453125, 0.0001990795135498047, 0.0001804828643798828, 0.0001800060272216797, 0.0002002716064453125, 0.0001804828643798828, 0.0001742839813232422, 0.00021076202392578125, 0.00017523765563964844, 0.00032830238342285156, 0.00018596649169921875, 0.0002117156982421875, 0.00019669532775878906, 0.00021386146545410156, 0.000194549560546875, 0.00018215179443359375], "comm_recv": [3.6048812866210938, 3.340489625930786, 3.3466920852661133, 3.328911781311035, 3.002915143966675, 3.4681825637817383, 3.1955015659332275, 3.208754539489746, 3.084322452545166, 3.5033860206604004, 3.096331834793091, 3.1704909801483154, 3.145307779312134, 3.2689640522003174, 3.1036484241485596, 3.7540383338928223, 3.185173273086548, 3.2137739658355713, 3.329882860183716, 3.796199083328247, 3.3818564414978027, 3.149557113647461, 3.5445029735565186, 3.444213390350342, 3.1496634483337402, 3.57255482673645, 3.20727801322937, 3.2280869483947754, 3.09516978263855, 3.2668256759643555, 3.353407382965088, 3.453065872192383, 3.129887580871582, 3.1799633502960205, 3.400923252105713, 3.1257686614990234, 3.249053716659546, 3.264328956604004, 3.4497103691101074, 3.47637939453125, 3.3681840896606445, 3.2218544483184814, 3.3354320526123047, 3.4238667488098145, 3.1026036739349365, 3.3271117210388184, 3.314699649810791, 3.474731683731079, 3.304185152053833, 3.3087260723114014, 3.1133599281311035, 3.7501935958862305, 3.26920223236084, 3.1679880619049072, 3.1846163272857666, 3.370486259460449, 3.0295214653015137, 3.1607844829559326, 3.3236196041107178, 3.4987740516662598, 3.5891940593719482, 3.151338815689087, 3.360743999481201, 3.4091298580169678, 3.173731565475464, 3.2780604362487793, 3.100529670715332, 3.2264442443847656, 3.219736337661743, 3.1110222339630127, 3.31905198097229, 3.1805920600891113, 3.2468485832214355, 3.1844584941864014, 3.145125389099121, 3.253113269805908, 3.4786741733551025, 3.1163952350616455, 3.2787539958953857, 3.3531811237335205, 3.919318199157715, 3.2699058055877686, 3.1276841163635254, 3.103344678878784, 3.4415433406829834, 3.2497193813323975, 3.0941596031188965, 3.2874999046325684, 3.399822950363159, 3.2971057891845703, 3.208894968032837, 3.9959654808044434, 3.1789231300354004, 3.6110572814941406, 3.293325424194336, 3.36913800239563, 3.4245665073394775, 3.578184127807617, 3.546746015548706, 3.406386613845825],