{"acc": [0.9942792061580353], "mcc": [0.9931456703984708], "f1": [0.9943059902989124], "times": {"epochs": [2.3331940174102783], "sync": [0.21506428718566895, 0.2160661220550537], "comm_send": [5.817413330078125e-05], "comm_recv": [1.9572489261627197, 0.01985025405883789], "conv_send": [6.198883056640625e-05], "conv_recv": [7.200241088867188e-05, 7.128715515136719e-05], "global_times": [2.5492637157440186]}}