{"times": {"train": [1.9728796482086182], "comm_send": [4.482269287109375e-05], "comm_recv": [0.3560006618499756], "conv_send": [0.0007147789001464844], "conv_recv": [5.364418029785156e-05], "epochs": [2.330979585647583]}}