{"times": {"train": [1.9526278972625732], "comm_send": [6.246566772460938e-05], "comm_recv": [0.375964879989624], "conv_send": [0.0008730888366699219], "conv_recv": [6.914138793945312e-05], "epochs": [2.330864429473877]}}