{"times": {"train": [11.375388622283936, 3.724442958831787, 3.660975933074951, 3.6474828720092773, 3.5213701725006104, 3.5006868839263916, 3.633331298828125, 3.6256096363067627, 3.528627872467041, 3.762230634689331, 3.739114999771118, 3.756418466567993, 3.6249616146087646, 3.5672028064727783, 3.6197073459625244, 3.6397159099578857, 3.512678623199463, 3.648181915283203, 3.52778959274292, 3.730712652206421, 3.5100326538085938, 3.6418941020965576, 3.5291497707366943, 3.725001811981201, 3.6048853397369385, 3.5312771797180176, 3.5243918895721436, 3.685741662979126, 3.645200252532959, 3.6167283058166504, 3.6165764331817627, 3.5237958431243896, 3.5362656116485596, 3.5071115493774414, 3.5244977474212646, 3.7482786178588867, 3.665740489959717, 3.741283416748047, 3.535320281982422, 3.6503279209136963, 3.729445695877075, 3.5376007556915283, 3.6319000720977783, 3.5132246017456055, 3.630134105682373, 3.5247397422790527, 3.73350191116333, 3.5204577445983887, 3.606132745742798, 3.737122058868408, 3.532118082046509, 3.5205776691436768, 3.7659101486206055, 3.730801582336426, 3.673125982284546, 3.5302634239196777, 3.6301467418670654, 3.527238368988037, 3.5711169242858887, 3.6259210109710693, 3.738182544708252, 3.838588237762451, 3.6824440956115723, 3.6460533142089844, 3.5581228733062744, 3.678412675857544, 3.6442809104919434, 3.5246193408966064, 3.7368266582489014, 3.7210538387298584, 3.5560474395751953, 3.835855484008789, 3.7360329627990723, 3.658318281173706, 3.535597801208496, 3.5454351902008057, 3.7392430305480957, 3.5371484756469727, 3.6641409397125244, 3.640972852706909, 3.523747205734253, 3.8382387161254883, 3.6166794300079346, 3.530005693435669, 3.748971700668335, 3.7433862686157227, 3.5569393634796143, 3.6557226181030273, 3.5149569511413574, 3.508302688598633, 3.615989923477173, 3.5388121604919434, 3.5654730796813965, 3.5238964557647705, 3.7239465713500977, 3.5438225269317627, 3.6046035289764404, 3.729238271713257, 3.5524532794952393, 3.607578754425049], "comm_send": [0.0002999305725097656, 0.00023245811462402344, 0.00030112266540527344, 0.00023794174194335938, 0.0002620220184326172, 0.00026679039001464844, 0.0002503395080566406, 0.0002453327178955078, 0.00029349327087402344, 0.0002346038818359375, 0.0002536773681640625, 0.0002593994140625, 0.0002448558807373047, 0.0002474784851074219, 0.00023436546325683594, 0.00023794174194335938, 0.0002620220184326172, 0.00022864341735839844, 0.0002377033233642578, 0.00023746490478515625, 0.00033473968505859375, 0.0003027915954589844, 0.00026035308837890625, 0.00023794174194335938, 0.0002357959747314453, 0.0002491474151611328, 0.00026607513427734375, 0.00023245811462402344, 0.0002384185791015625, 0.0002810955047607422, 0.00026035308837890625, 0.0002624988555908203, 0.0002574920654296875, 0.00035953521728515625, 0.0002598762512207031, 0.00024175643920898438, 0.00023412704467773438, 0.00024080276489257812, 0.00025343894958496094, 0.0002472400665283203, 0.0002338886260986328, 0.0002589225769042969, 0.00024199485778808594, 0.00026154518127441406, 0.0002474784851074219, 0.0002524852752685547, 0.0002372264862060547, 0.0002582073211669922, 0.0002598762512207031, 0.00023794174194335938, 0.0002257823944091797, 0.0002675056457519531, 0.00024008750915527344, 0.00022912025451660156, 0.0002377033233642578, 0.000244140625, 0.0002474784851074219, 0.00030231475830078125, 0.0002512931823730469, 0.00023365020751953125, 0.00021767616271972656, 0.00022721290588378906, 0.0002384185791015625, 0.00028014183044433594, 0.0002503395080566406, 0.0002486705780029297, 0.00025653839111328125, 0.0002646446228027344, 0.00022530555725097656, 0.00027489662170410156, 0.00023651123046875, 0.0002512931823730469, 0.00026345252990722656, 0.0002512931823730469, 0.0003147125244140625, 0.0005311965942382812, 0.00022792816162109375, 0.00027298927307128906, 0.00023674964904785156, 0.0002357959747314453, 0.00025463104248046875, 0.00023365020751953125, 0.0002460479736328125, 0.0002636909484863281, 0.0002684593200683594, 0.00024509429931640625, 0.0002429485321044922, 0.00023031234741210938, 0.0002532005310058594, 0.0002694129943847656, 0.00025200843811035156, 0.000278472900390625, 0.0002493858337402344, 0.0002665519714355469, 0.00023484230041503906, 0.00025200843811035156, 0.00023174285888671875, 0.00023436546325683594, 0.0002562999725341797, 0.00025272369384765625], "comm_recv": [0.003741025924682617, 0.4797940254211426, 2.8922314643859863, 2.681868314743042, 0.003627777099609375, 0.0041043758392333984, 2.8322935104370117, 2.866588592529297, 0.0042073726654052734, 2.766115665435791, 2.7256040573120117, 2.8848116397857666, 2.897655487060547, 0.005160093307495117, 2.8620245456695557, 3.00722336769104, 0.0037927627563476562, 2.820718288421631, 2.9204201698303223, 2.7891733646392822, 0.003722667694091797, 2.8390424251556396, 0.003798246383666992, 2.848884105682373, 3.006100654602051, 0.004132270812988281, 0.0036787986755371094, 2.853447914123535, 2.837437868118286, 2.865867853164673, 2.763035535812378, 2.8080031871795654, 2.9649136066436768, 0.0034351348876953125, 0.00418853759765625, 2.8248627185821533, 2.8972723484039307, 2.7357490062713623, 2.972646951675415, 3.0229458808898926, 2.6346778869628906, 2.9749388694763184, 2.911121368408203, 3.0321061611175537, 2.9526939392089844, 3.0318968296051025, 2.852733850479126, 2.946866989135742, 2.748608350753784, 2.722310781478882, 0.003712177276611328, 0.003455638885498047, 2.7587637901306152, 2.868072032928467, 3.0044329166412354, 3.478890895843506, 3.4081828594207764, 2.932185649871826, 2.970019578933716, 2.8208930492401123, 2.7362618446350098, 2.657762289047241, 2.860947370529175, 2.8974666595458984, 2.92992901802063, 2.87323260307312, 3.005491018295288, 2.9373066425323486, 3.270369529724121, 2.7432689666748047, 2.9801909923553467, 2.7592999935150146, 2.9003207683563232, 2.902649402618408, 0.0033957958221435547, 3.0257925987243652, 3.3389649391174316, 0.003869771957397461, 2.8942759037017822, 2.9896717071533203, 2.9850590229034424, 2.715078353881836, 3.0645053386688232, 2.9588544368743896, 2.739293336868286, 3.145979881286621, 2.9359214305877686, 2.821320056915283, 2.9881582260131836, 0.0036520957946777344, 2.857717752456665, 3.0451419353485107, 2.994292974472046, 2.922264575958252, 3.183887243270874, 3.024625778198242, 3.483809232711792, 2.7359416484832764, 2.9886558055877686, 2.977926254272461],