{"times": {"train": [11.483296394348145, 3.563088893890381, 3.7688724994659424, 3.7612597942352295, 3.5659141540527344, 3.6580567359924316, 3.5592198371887207, 3.5635111331939697, 3.55049991607666, 3.677149534225464, 3.732809543609619, 3.5615837574005127, 3.5540027618408203, 3.7618913650512695, 3.5690407752990723, 3.569441318511963, 3.6027326583862305, 3.5909223556518555, 3.564936637878418, 3.5330393314361572, 3.766697406768799, 3.682661533355713, 3.655427932739258, 3.6698813438415527, 3.7353131771087646, 3.6466877460479736, 3.6460824012756348, 3.761260986328125, 3.7299892902374268, 3.654371976852417, 3.524421453475952, 3.5324385166168213, 3.729330539703369, 3.5212974548339844, 3.5212156772613525, 3.520238161087036, 3.523559808731079, 3.7260608673095703, 3.5149362087249756, 3.7338366508483887, 3.5160460472106934, 3.481065273284912, 3.518806219100952, 3.4835071563720703, 3.624861001968384, 3.624967336654663, 3.507354736328125, 3.4860548973083496, 3.510301351547241, 3.6050820350646973, 3.538698673248291, 3.493306875228882, 3.5997464656829834, 3.6278648376464844, 3.758129119873047, 3.5018277168273926, 3.5066354274749756, 3.7419981956481934, 3.563194513320923, 3.5293967723846436, 3.8356869220733643, 3.5421059131622314, 3.5303378105163574, 3.507655143737793, 3.619825839996338, 3.527684211730957, 3.740339994430542, 3.656252384185791, 3.5649871826171875, 3.552694320678711, 3.5745909214019775, 3.5788636207580566, 3.6656811237335205, 3.7181034088134766, 3.7390029430389404, 3.6462111473083496, 3.539357900619507, 3.636949062347412, 3.5914618968963623, 3.564159393310547, 3.5548653602600098, 3.656783103942871, 3.571657419204712, 3.768770217895508, 3.6358203887939453, 3.744931221008301, 3.565415382385254, 3.6587908267974854, 3.6648612022399902, 3.8382019996643066, 3.7510392665863037, 3.6663286685943604, 3.648745059967041, 3.5952632427215576, 3.6476075649261475, 3.525494337081909, 3.5622119903564453, 3.6361913681030273, 3.533921241760254, 3.6475417613983154], "comm_send": [0.0002930164337158203, 0.0002410411834716797, 0.0002474784851074219, 0.00024271011352539062, 0.0002734661102294922, 0.00023102760314941406, 0.00025010108947753906, 0.0002453327178955078, 0.00025272369384765625, 0.00026798248291015625, 0.00024199485778808594, 0.0002875328063964844, 0.00027441978454589844, 0.00023651123046875, 0.00024819374084472656, 0.0002682209014892578, 0.0002906322479248047, 0.0002453327178955078, 0.0002448558807373047, 0.0002772808074951172, 0.00024509429931640625, 0.00023746490478515625, 0.0002830028533935547, 0.0002491474151611328, 0.00024175643920898438, 0.0002636909484863281, 0.0002346038818359375, 0.0002307891845703125, 0.00023603439331054688, 0.0002465248107910156, 0.0002608299255371094, 0.00026345252990722656, 0.0002529621124267578, 0.0003139972686767578, 0.0002651214599609375, 0.0002770423889160156, 0.00026607513427734375, 0.0002288818359375, 0.0003082752227783203, 0.0002455711364746094, 0.00026345252990722656, 0.0002682209014892578, 0.00025916099548339844, 0.0002636909484863281, 0.00025153160095214844, 0.00023746490478515625, 0.0002827644348144531, 0.0002644062042236328, 0.0002987384796142578, 0.0002598762512207031, 0.0002548694610595703, 0.0003058910369873047, 0.0002543926239013672, 0.0002505779266357422, 0.00023245811462402344, 0.0002675056457519531, 0.0002582073211669922, 0.0002918243408203125, 0.00025391578674316406, 0.0002810955047607422, 0.00022172927856445312, 0.0002779960632324219, 0.0002644062042236328, 0.00027489662170410156, 0.00028014183044433594, 0.00024771690368652344, 0.00024008750915527344, 0.00024056434631347656, 0.0002627372741699219, 0.0002460479736328125, 0.0002582073211669922, 0.00023651123046875, 0.000225067138671875, 0.00023484230041503906, 0.00026488304138183594, 0.00034236907958984375, 0.0002682209014892578, 0.000339508056640625, 0.000263214111328125, 0.0002524852752685547, 0.0002665519714355469, 0.00025081634521484375, 0.0002579689025878906, 0.0002257823944091797, 0.0002694129943847656, 0.0002295970916748047, 0.00025463104248046875, 0.0002627372741699219, 0.000244140625, 0.00023245811462402344, 0.0002315044403076172, 0.00022673606872558594, 0.00023818016052246094, 0.00023317337036132812, 0.0002307891845703125, 0.0002701282501220703, 0.0002932548522949219, 0.0002551078796386719, 0.00031638145446777344, 0.00024509429931640625], "comm_recv": [0.012340545654296875, 0.5133452415466309, 2.7878129482269287, 2.5663328170776367, 2.933363437652588, 2.865388870239258, 2.8694567680358887, 2.93688702583313, 2.919506311416626, 2.8133950233459473, 2.730534553527832, 3.078155517578125, 2.9565210342407227, 2.7426581382751465, 2.872851610183716, 3.0777649879455566, 2.8108251094818115, 2.835897922515869, 2.8826165199279785, 0.0035288333892822266, 2.71142840385437, 2.7589657306671143, 2.9481372833251953, 2.879617214202881, 2.8715710639953613, 2.7987842559814453, 2.7191145420074463, 2.744145393371582, 2.7495675086975098, 2.819124698638916, 2.8565454483032227, 2.8003478050231934, 2.772554636001587, 2.9024147987365723, 2.855181932449341, 3.026320219039917, 0.003911733627319336, 2.7746949195861816, 0.003623485565185547, 2.9690330028533936, 2.845923900604248, 0.0047185420989990234, 0.004465818405151367, 0.0041124820709228516, 2.9871621131896973, 2.9335668087005615, 0.003615856170654297, 0.004333972930908203, 0.0038712024688720703, 2.8919568061828613, 2.993218183517456, 3.106696605682373, 2.888270616531372, 2.969656467437744, 2.9216468334198, 0.005243778228759766, 0.0040094852447509766, 2.7517402172088623, 2.9734952449798584, 2.921998977661133, 2.6374671459198, 2.9545154571533203, 3.014197587966919, 0.003920316696166992, 2.9021685123443604, 3.0276095867156982, 2.9085094928741455, 2.8159589767456055, 3.4414703845977783, 2.9096741676330566, 2.9621238708496094, 3.0132293701171875, 2.971421480178833, 2.8413894176483154, 3.244107723236084, 2.8938193321228027, 3.5240914821624756, 2.892054319381714, 0.003664255142211914, 3.088730573654175, 2.9551773071289062, 2.8946714401245117, 0.0040509700775146484, 2.7487740516662598, 2.849609136581421, 3.142910957336426, 2.9241809844970703, 2.8187050819396973, 2.8368396759033203, 2.7351484298706055, 2.68460750579834, 2.9166316986083984, 2.9094669818878174, 2.849846124649048, 3.2545700073242188, 3.0383265018463135, 3.5261030197143555, 2.817075252532959, 0.0037679672241210938, 2.9706451892852783],