{"times": {"train": [10.485459089279175, 3.540903091430664, 3.5833489894866943, 3.6689743995666504, 3.6525557041168213, 3.5689165592193604, 3.7308692932128906, 3.6472136974334717, 3.5468685626983643, 3.669717311859131, 3.643433094024658, 3.757392168045044, 3.6337976455688477, 3.6285886764526367, 3.575792074203491, 3.7341384887695312, 3.63618803024292, 3.6451809406280518, 3.670042037963867, 3.548502206802368, 3.6694586277008057, 3.6751255989074707, 3.750173568725586, 3.550271987915039, 3.553182363510132, 3.744237184524536, 3.637788772583008, 3.566256046295166, 3.5820369720458984, 3.6345531940460205, 3.5467283725738525, 3.744840621948242, 3.6400742530822754, 3.5659537315368652, 3.7663400173187256, 3.5573718547821045, 3.5857276916503906, 3.643144130706787, 3.6596622467041016, 3.587660789489746, 3.5695862770080566, 3.6546714305877686, 3.6563191413879395, 3.560161828994751, 3.5961410999298096, 3.701939105987549, 3.536599636077881, 3.660183906555176, 3.623677968978882, 3.576632499694824, 3.5619661808013916, 3.639049530029297, 3.5522572994232178, 3.7259342670440674, 3.655977725982666, 3.650202751159668, 3.662654399871826, 3.5544633865356445, 3.566437005996704, 3.554034948348999, 3.6398000717163086, 3.5510425567626953, 3.7290477752685547, 3.537287950515747, 3.6375784873962402, 3.7510931491851807, 3.6627979278564453, 3.6511752605438232, 3.6429247856140137, 3.666593074798584, 3.5438950061798096, 3.638852834701538, 3.566572666168213, 3.633305788040161, 3.6718740463256836, 3.669189214706421, 3.542943000793457, 3.7003860473632812, 3.627122163772583, 3.7414567470550537, 3.573530673980713, 3.7559616565704346, 3.776261329650879, 3.6686010360717773, 3.7018954753875732, 3.5782289505004883, 3.7357447147369385, 3.6532537937164307, 3.60477352142334, 3.640359401702881, 3.7160768508911133, 3.758997678756714, 3.709948778152466, 3.725726366043091, 3.7106833457946777, 3.65734601020813, 3.66815185546875, 3.678163528442383, 3.690734624862671, 3.6128270626068115], "comm_send": [0.00028634071350097656, 0.0002727508544921875, 0.00024962425231933594, 0.00025010108947753906, 0.000293731689453125, 0.00026035308837890625, 0.00026726722717285156, 0.00024819374084472656, 0.0002579689025878906, 0.00023674964904785156, 0.0002570152282714844, 0.00023365020751953125, 0.0002429485321044922, 0.0002543926239013672, 0.0002415180206298828, 0.000244140625, 0.00023031234741210938, 0.0002372264862060547, 0.00030493736267089844, 0.0002498626708984375, 0.0002872943878173828, 0.0002434253692626953, 0.0002429485321044922, 0.0002720355987548828, 0.00028014183044433594, 0.00024580955505371094, 0.0002415180206298828, 0.0002627372741699219, 0.0002684593200683594, 0.0002498626708984375, 0.0002493858337402344, 0.00023651123046875, 0.0002472400665283203, 0.00026345252990722656, 0.0002498626708984375, 0.0002524852752685547, 0.00025343894958496094, 0.00023651123046875, 0.0002505779266357422, 0.00026679039001464844, 0.0002605915069580078, 0.0002636909484863281, 0.0002789497375488281, 0.00025081634521484375, 0.0002446174621582031, 0.0002307891845703125, 0.00026798248291015625, 0.00023746490478515625, 0.000244140625, 0.00026488304138183594, 0.00032782554626464844, 0.0002467632293701172, 0.0003421306610107422, 0.00023889541625976562, 0.0002319812774658203, 0.00025200843811035156, 0.00024962425231933594, 0.0003001689910888672, 0.0003504753112792969, 0.00031065940856933594, 0.00025081634521484375, 0.00024318695068359375, 0.00023674964904785156, 0.0002617835998535156, 0.00023818016052246094, 0.00023245811462402344, 0.0002510547637939453, 0.0002448558807373047, 0.00024890899658203125, 0.0002911090850830078, 0.0002498626708984375, 0.000244140625, 0.0002570152282714844, 0.0002598762512207031, 0.00028204917907714844, 0.0002455711364746094, 0.0002636909484863281, 0.00023245811462402344, 0.00025153160095214844, 0.0002567768096923828, 0.0002875328063964844, 0.0002551078796386719, 0.0002357959747314453, 0.0002429485321044922, 0.0002465248107910156, 0.0002396106719970703, 0.00023984909057617188, 0.00028228759765625, 0.0002357959747314453, 0.0002562999725341797, 0.0002281665802001953, 0.00023436546325683594, 0.0002415180206298828, 0.00024271011352539062, 0.00023221969604492188, 0.00024175643920898438, 0.0002474784851074219, 0.0002315044403076172, 0.000232696533203125, 0.00024437904357910156], "comm_recv": [0.0033593177795410156, 1.539529800415039, 2.9753711223602295, 2.6678497791290283, 2.8456006050109863, 2.9570229053497314, 2.690403938293457, 2.8598077297210693, 2.923308849334717, 2.8225111961364746, 2.810349225997925, 2.8818411827087402, 2.8795969486236572, 2.8823022842407227, 2.8575518131256104, 2.9120912551879883, 2.777000904083252, 2.7853822708129883, 2.785867214202881, 2.9699277877807617, 2.776122570037842, 2.757554531097412, 2.8509511947631836, 2.99784255027771, 3.05627179145813, 2.6997344493865967, 2.7265191078186035, 2.934788227081299, 2.9062275886535645, 2.847026824951172, 2.8253774642944336, 2.586897134780884, 2.8729021549224854, 2.8514244556427, 2.608391046524048, 2.9870734214782715, 2.977029323577881, 2.828153133392334, 2.8472211360931396, 3.0856497287750244, 2.7934343814849854, 2.857111930847168, 2.892335891723633, 2.967287302017212, 2.9848532676696777, 2.8532330989837646, 3.0662264823913574, 2.8004977703094482, 2.7154996395111084, 2.8962652683258057, 2.9606142044067383, 2.958869457244873, 2.9445509910583496, 2.8592324256896973, 3.021789073944092, 3.3564774990081787, 3.376392126083374, 2.902385711669922, 0.0038843154907226562, 2.92177414894104, 2.8300375938415527, 2.943692684173584, 2.813910484313965, 3.0020430088043213, 2.851541519165039, 2.8020029067993164, 2.983686923980713, 2.8218026161193848, 3.360353946685791, 2.7977170944213867, 2.9940578937530518, 2.950852394104004, 3.069016456604004, 2.926044225692749, 3.307046890258789, 2.8754005432128906, 0.004044771194458008, 2.862522602081299, 2.900624990463257, 2.8742105960845947, 2.942932367324829, 2.795527935028076, 2.9033851623535156, 2.818626880645752, 2.776913642883301, 3.303759813308716, 2.754378080368042, 2.8221640586853027, 2.897178888320923, 2.9417638778686523, 2.7210586071014404, 2.824104070663452, 2.8371469974517822, 2.7196857929229736, 3.196544647216797, 2.9092652797698975, 3.4209163188934326, 2.7804293632507324, 2.8528215885162354, 2.972505807876587],