{"times": {"train": [10.435797691345215, 3.6277337074279785, 3.5592472553253174, 3.6573073863983154, 3.6180684566497803, 3.6238434314727783, 3.528345823287964, 3.550032615661621, 3.7125072479248047, 3.562955141067505, 3.6245291233062744, 3.521888494491577, 3.615222454071045, 3.636927843093872, 3.5512912273406982, 3.623478412628174, 3.6208138465881348, 3.6533334255218506, 3.5514883995056152, 3.629342555999756, 3.7160253524780273, 3.6180708408355713, 3.6165859699249268, 3.5228707790374756, 3.6223955154418945, 3.635876417160034, 3.5482139587402344, 3.5093560218811035, 3.571831703186035, 3.507349729537964, 3.5167102813720703, 3.508406162261963, 3.655360460281372, 3.617417812347412, 3.648224353790283, 3.489351511001587, 3.6369948387145996, 3.509237051010132, 3.655674695968628, 3.531017780303955, 3.742450475692749, 3.8359150886535645, 3.6265103816986084, 3.6334099769592285, 3.5987939834594727, 3.514604091644287, 3.6242425441741943, 3.610511302947998, 3.730377435684204, 3.527958869934082, 3.6437175273895264, 3.6050775051116943, 3.6818795204162598, 3.648865222930908, 3.6290884017944336, 3.726919651031494, 3.7314581871032715, 3.7486705780029297, 3.642277956008911, 3.516242027282715, 3.6227240562438965, 3.5569355487823486, 3.749069929122925, 3.655872106552124, 3.6392805576324463, 3.642686367034912, 3.5414113998413086, 3.5270836353302, 3.5184240341186523, 3.500701665878296, 3.639108419418335, 3.6148908138275146, 3.524200677871704, 3.588404655456543, 3.7136571407318115, 3.619091033935547, 3.625899314880371, 3.640496015548706, 3.5934383869171143, 3.7376530170440674, 3.5299675464630127, 3.547227144241333, 3.604365348815918, 3.5674710273742676, 3.7484400272369385, 3.5415055751800537, 3.5359244346618652, 3.6405980587005615, 3.6539533138275146, 3.5866386890411377, 3.696380615234375, 3.61161208152771, 3.645866632461548, 3.662184238433838, 3.5333971977233887, 3.6328728199005127, 3.587808847427368, 3.5900325775146484, 3.744744300842285, 3.8387014865875244], "comm_send": [0.00028634071350097656, 0.00027108192443847656, 0.0002968311309814453, 0.00024056434631347656, 0.0002491474151611328, 0.00023508071899414062, 0.00025773048400878906, 0.00024580955505371094, 0.00023508071899414062, 0.0002636909484863281, 0.0002598762512207031, 0.0002593994140625, 0.0002346038818359375, 0.0002377033233642578, 0.0002512931823730469, 0.0002281665802001953, 0.00023436546325683594, 0.00023317337036132812, 0.0002586841583251953, 0.0002231597900390625, 0.0002472400665283203, 0.0002472400665283203, 0.00024628639221191406, 0.0002512931823730469, 0.0002529621124267578, 0.00023818016052246094, 0.0002570152282714844, 0.0002949237823486328, 0.00028228759765625, 0.0002532005310058594, 0.0002624988555908203, 0.00026416778564453125, 0.00023436546325683594, 0.00024080276489257812, 0.0002493858337402344, 0.00028514862060546875, 0.00023674964904785156, 0.00026726722717285156, 0.0002372264862060547, 0.00025153160095214844, 0.00022292137145996094, 0.00022530555725097656, 0.00024366378784179688, 0.00024175643920898438, 0.00024437904357910156, 0.00024437904357910156, 0.0002570152282714844, 0.00026726722717285156, 0.00023245811462402344, 0.00029468536376953125, 0.0002448558807373047, 0.00025081634521484375, 0.00025343894958496094, 0.00023698806762695312, 0.0002448558807373047, 0.00024247169494628906, 0.0002460479736328125, 0.00030517578125, 0.0002372264862060547, 0.00024771690368652344, 0.0002636909484863281, 0.0002949237823486328, 0.0002396106719970703, 0.0002474784851074219, 0.0002338886260986328, 0.0002434253692626953, 0.000255584716796875, 0.0002582073211669922, 0.0003027915954589844, 0.00027179718017578125, 0.00023746490478515625, 0.0002510547637939453, 0.0002636909484863281, 0.00026917457580566406, 0.00033402442932128906, 0.00024056434631347656, 0.0002562999725341797, 0.00023746490478515625, 0.000255584716796875, 0.0002453327178955078, 0.0002548694610595703, 0.00026106834411621094, 0.0003185272216796875, 0.0002460479736328125, 0.0002529621124267578, 0.0002505779266357422, 0.0002582073211669922, 0.00024318695068359375, 0.00027298927307128906, 0.00026869773864746094, 0.000244140625, 0.00025773048400878906, 0.00024890899658203125, 0.00024175643920898438, 0.00029158592224121094, 0.0002536773681640625, 0.00023293495178222656, 0.00023865699768066406, 0.00023293495178222656, 0.0002307891845703125], "comm_recv": [0.005617618560791016, 1.5067415237426758, 3.000091791152954, 2.671962261199951, 2.8777308464050293, 2.906491279602051, 0.003880023956298828, 0.0036296844482421875, 2.7874631881713867, 0.004634857177734375, 2.8749876022338867, 0.003402233123779297, 2.931973457336426, 2.8661599159240723, 2.886636257171631, 2.990551471710205, 2.7839646339416504, 2.7832865715026855, 2.896136522293091, 2.8913352489471436, 2.7325806617736816, 2.8247909545898438, 2.9855964183807373, 0.005640506744384766, 3.024306058883667, 2.8058459758758545, 2.817150592803955, 0.003545045852661133, 2.9388821125030518, 0.003701448440551758, 0.0040395259857177734, 0.003869771957397461, 2.8778910636901855, 2.8078184127807617, 2.72831130027771, 0.003975391387939453, 2.9572479724884033, 0.003841876983642578, 2.8811728954315186, 0.0035622119903564453, 2.6525282859802246, 2.6773204803466797, 2.925065517425537, 2.9036972522735596, 2.9840309619903564, 3.0419344902038574, 2.971403121948242, 2.8453891277313232, 2.6195740699768066, 2.9378132820129395, 2.8901560306549072, 2.9948253631591797, 2.803950071334839, 2.950585126876831, 3.048430919647217, 3.282578945159912, 3.3067145347595215, 2.7118265628814697, 2.8999087810516357, 0.003313302993774414, 2.8873350620269775, 2.9395358562469482, 2.7934343814849854, 2.8874294757843018, 2.8479325771331787, 2.9138331413269043, 0.003545522689819336, 0.004054069519042969, 0.003784656524658203, 0.0037479400634765625, 2.9279537200927734, 2.976154327392578, 0.0037026405334472656, 0.004307270050048828, 3.300327777862549, 2.919558048248291, 3.4537246227264404, 2.8844969272613525, 2.934842586517334, 2.887986421585083, 2.9796571731567383, 3.007967472076416, 3.0726447105407715, 2.8913960456848145, 2.739960193634033, 3.3477566242218018, 2.953967571258545, 2.836676836013794, 2.8500638008117676, 2.9897265434265137, 2.7400200366973877, 2.9707229137420654, 2.9138402938842773, 2.782191753387451, 3.3749821186065674, 2.9344558715820312, 3.4999208450317383, 2.868345260620117, 2.8021492958068848, 2.739529609680176],