{"times": {"train": [11.837785005569458, 3.551687002182007, 3.5373287200927734, 3.641632318496704, 3.6387813091278076, 3.54723858833313, 3.6368813514709473, 3.564068555831909, 3.657085657119751, 3.553544521331787, 3.771489381790161, 3.658984661102295, 3.628817558288574, 3.8425302505493164, 3.5182266235351562, 3.7549948692321777, 3.5760533809661865, 3.6674675941467285, 3.6288187503814697, 3.6354949474334717, 3.758148670196533, 3.6633827686309814, 3.560265064239502, 3.6382951736450195, 3.6647212505340576, 3.5379245281219482, 3.6346194744110107, 3.645500659942627, 3.640155553817749, 3.6372551918029785, 3.643739938735962, 3.6356959342956543, 3.5726850032806396, 3.693981170654297, 3.654978036880493, 3.546552896499634, 3.751099109649658, 3.633711099624634, 3.6566920280456543, 3.5642290115356445, 3.623054027557373, 3.6417131423950195, 3.732880115509033, 3.521545648574829, 3.562492609024048, 3.735560894012451, 3.625114679336548, 3.6122329235076904, 3.641472578048706, 3.6426401138305664, 3.554885149002075, 3.634404182434082, 3.6269936561584473, 3.6392111778259277, 3.537179946899414, 3.5559403896331787, 3.6584200859069824, 3.6012251377105713, 3.530653238296509, 3.7522432804107666, 3.717485189437866, 3.562649726867676, 3.5296437740325928, 3.5776560306549072, 3.6461682319641113, 3.733225107192993, 3.5488061904907227, 3.5116987228393555, 3.565464735031128, 3.6274001598358154, 3.5446174144744873, 3.5773794651031494, 3.840327501296997, 3.639481544494629, 3.725447654724121, 3.5532538890838623, 3.753735303878784, 3.6546883583068848, 3.5118656158447266, 3.5516304969787598, 3.5926401615142822, 3.6064021587371826, 3.6515393257141113, 3.644549608230591, 3.5433197021484375, 3.572451591491699, 3.55081844329834, 3.7161667346954346, 3.683483123779297, 3.5648353099823, 3.76023268699646, 3.5536062717437744, 3.6067616939544678, 3.741725444793701, 3.6528825759887695, 3.557706117630005, 3.5740108489990234, 3.591290235519409, 3.6362223625183105, 3.460566997528076], "comm_send": [0.0002646446228027344, 0.00026106834411621094, 0.00026535987854003906, 0.0002484321594238281, 0.00023651123046875, 0.0002505779266357422, 0.000244140625, 0.00024175643920898438, 0.0002491474151611328, 0.00025463104248046875, 0.00023245811462402344, 0.00023245811462402344, 0.00024127960205078125, 0.0002281665802001953, 0.00026917457580566406, 0.00027060508728027344, 0.00023651123046875, 0.000244140625, 0.00023412704467773438, 0.000255584716796875, 0.0002238750457763672, 0.00022721290588378906, 0.00027632713317871094, 0.00026154518127441406, 0.0002231597900390625, 0.000240325927734375, 0.00023603439331054688, 0.0002415180206298828, 0.000240325927734375, 0.0002720355987548828, 0.0002484321594238281, 0.0002760887145996094, 0.00024437904357910156, 0.00023436546325683594, 0.0002307891845703125, 0.0002536773681640625, 0.00020360946655273438, 0.0002391338348388672, 0.00022459030151367188, 0.00024819374084472656, 0.0002734661102294922, 0.00023031234741210938, 0.00023317337036132812, 0.00025916099548339844, 0.0002422332763671875, 0.00023317337036132812, 0.0002446174621582031, 0.00024127960205078125, 0.00023698806762695312, 0.00022745132446289062, 0.00026154518127441406, 0.0002484321594238281, 0.00039577484130859375, 0.00026488304138183594, 0.00025177001953125, 0.00024771690368652344, 0.0002090930938720703, 0.00023508071899414062, 0.0002391338348388672, 0.000232696533203125, 0.00026488304138183594, 0.00025773048400878906, 0.0002560615539550781, 0.0002474784851074219, 0.0002455711364746094, 0.0002415180206298828, 0.0002551078796386719, 0.0002803802490234375, 0.0002472400665283203, 0.00022983551025390625, 0.00031065940856933594, 0.0002586841583251953, 0.0002396106719970703, 0.0002703666687011719, 0.0002684593200683594, 0.0002646446228027344, 0.0002353191375732422, 0.00023508071899414062, 0.00026988983154296875, 0.0002899169921875, 0.0002455711364746094, 0.00025153160095214844, 0.00024056434631347656, 0.0002460479736328125, 0.0002696514129638672, 0.00025177001953125, 0.0002601146697998047, 0.00022864341735839844, 0.00030422210693359375, 0.0002338886260986328, 0.00029921531677246094, 0.0002570152282714844, 0.0002589225769042969, 0.00023651123046875, 0.00022935867309570312, 0.0003204345703125, 0.00030159950256347656, 0.0004391670227050781, 0.00024580955505371094, 0.00022482872009277344], "comm_recv": [0.005020618438720703, 0.0036547183990478516, 0.00446772575378418, 2.89658522605896, 2.878953218460083, 2.879586696624756, 2.86202073097229, 2.9056856632232666, 2.8344061374664307, 0.005589485168457031, 2.903649091720581, 2.8638057708740234, 2.862171173095703, 2.6013240814208984, 0.0034203529357910156, 2.695157051086426, 2.85017466545105, 2.778958320617676, 2.8892736434936523, 2.8105316162109375, 2.6830763816833496, 2.9397783279418945, 2.9716413021087646, 2.9785311222076416, 2.777385950088501, 2.824615001678467, 2.8701255321502686, 2.835721969604492, 2.8414406776428223, 2.740457534790039, 2.6862070560455322, 2.8642404079437256, 2.844099760055542, 2.680577516555786, 2.8940277099609375, 3.0141968727111816, 2.7179787158966064, 2.8716330528259277, 3.018373966217041, 2.7983341217041016, 2.886303663253784, 2.908264636993408, 2.80287504196167, 3.0574488639831543, 2.992917060852051, 2.8584163188934326, 2.8332486152648926, 2.738584518432617, 2.809912919998169, 2.8959882259368896, 3.043322801589966, 2.8502676486968994, 2.9700303077697754, 3.037019729614258, 3.4710347652435303, 3.480381727218628, 2.8011693954467773, 2.9387478828430176, 2.9141616821289062, 2.721062183380127, 2.7785990238189697, 2.9774811267852783, 3.0117971897125244, 2.908949613571167, 2.8968429565429688, 2.925328016281128, 2.923875093460083, 3.4929440021514893, 2.8869073390960693, 2.9126436710357666, 0.0048084259033203125, 3.0865533351898193, 2.7191028594970703, 3.346412181854248, 2.8120057582855225, 3.5238137245178223, 2.7673470973968506, 2.8801345825195312, 0.003252744674682617, 0.0035381317138671875, 2.9884722232818604, 3.0760982036590576, 2.8359487056732178, 2.843005418777466, 3.3438568115234375, 2.918952226638794, 2.924565553665161, 2.7863430976867676, 2.8905880451202393, 0.005541563034057617, 2.851924180984497, 0.004402875900268555, 2.875227212905884, 3.165445327758789, 2.912846088409424, 3.5287110805511475, 2.8910396099090576, 2.9458765983581543, 2.9481148719787598, 0.006495237350463867],