{"times": {"train": [10.445108890533447, 3.7272512912750244, 3.5676374435424805, 3.571434497833252, 3.637270450592041, 3.540140390396118, 3.5377197265625, 3.6271402835845947, 3.536672353744507, 3.5912344455718994, 3.5621116161346436, 3.539496421813965, 3.5262556076049805, 3.65598726272583, 3.5413718223571777, 3.6484434604644775, 3.734097719192505, 3.5333974361419678, 3.5120773315429688, 3.729763984680176, 3.634136915206909, 3.5416390895843506, 3.634530544281006, 3.536468267440796, 3.5350565910339355, 3.732945442199707, 3.6368227005004883, 3.6636343002319336, 3.536540985107422, 3.7368855476379395, 3.5107414722442627, 3.6352992057800293, 3.525629758834839, 3.63429856300354, 3.7458367347717285, 3.533729076385498, 3.6458802223205566, 3.6610562801361084, 3.53965425491333, 3.646301031112671, 3.5162839889526367, 3.637294292449951, 3.5397825241088867, 3.636044502258301, 3.5256240367889404, 3.5588037967681885, 3.628281831741333, 3.519193172454834, 3.618807315826416, 3.5251095294952393, 3.747471809387207, 3.6300036907196045, 3.6187098026275635, 3.636584520339966, 3.5352444648742676, 3.6457858085632324, 3.7464990615844727, 3.731436014175415, 3.734926462173462, 3.6463253498077393, 3.4952497482299805, 3.554234504699707, 3.8379933834075928, 3.607996940612793, 3.737788677215576, 3.515752077102661, 3.718315601348877, 3.6417064666748047, 3.7310078144073486, 3.6393747329711914, 3.500830888748169, 3.6278862953186035, 3.5731773376464844, 3.617297410964966, 3.7353365421295166, 3.5916500091552734, 3.6341681480407715, 3.6550259590148926, 3.6416118144989014, 3.617903709411621, 3.538241147994995, 3.5427651405334473, 3.7382164001464844, 3.529198169708252, 3.6485860347747803, 3.615812301635742, 3.5229251384735107, 3.6174159049987793, 3.545586585998535, 3.616270065307617, 3.6168177127838135, 3.5244197845458984, 3.6435372829437256, 3.641770601272583, 3.488719940185547, 3.522496223449707, 3.5303337574005127, 3.5534069538116455, 3.7532315254211426, 3.5400898456573486], "comm_send": [0.0003993511199951172, 0.00025081634521484375, 0.0002913475036621094, 0.0002682209014892578, 0.000232696533203125, 0.0002663135528564453, 0.0002460479736328125, 0.0002453327178955078, 0.0002658367156982422, 0.00029015541076660156, 0.0002636909484863281, 0.0002677440643310547, 0.0002713203430175781, 0.0002372264862060547, 0.0002410411834716797, 0.00023818016052246094, 0.00023365020751953125, 0.000301361083984375, 0.0002651214599609375, 0.00023102760314941406, 0.0002503395080566406, 0.0002510547637939453, 0.0002789497375488281, 0.0002582073211669922, 0.0002522468566894531, 0.0002307891845703125, 0.00023698806762695312, 0.00024008750915527344, 0.00029349327087402344, 0.00023412704467773438, 0.0002636909484863281, 0.00024509429931640625, 0.00026226043701171875, 0.00022935867309570312, 0.00022935867309570312, 0.0002579689025878906, 0.00024318695068359375, 0.0004374980926513672, 0.00025177001953125, 0.0002627372741699219, 0.00025272369384765625, 0.0003006458282470703, 0.00024700164794921875, 0.0002789497375488281, 0.0002727508544921875, 0.00026297569274902344, 0.0002796649932861328, 0.0003509521484375, 0.00023102760314941406, 0.00025534629821777344, 0.00023794174194335938, 0.00025081634521484375, 0.000255584716796875, 0.00028204917907714844, 0.00026869773864746094, 0.00039577484130859375, 0.0002334117889404297, 0.0002925395965576172, 0.0002410411834716797, 0.0002448558807373047, 0.00027871131896972656, 0.0002524852752685547, 0.00024700164794921875, 0.0002467632293701172, 0.00024318695068359375, 0.0002593994140625, 0.00022840499877929688, 0.00023746490478515625, 0.00024771690368652344, 0.0002593994140625, 0.0002536773681640625, 0.00025773048400878906, 0.00026988983154296875, 0.0002582073211669922, 0.0002334117889404297, 0.0002491474151611328, 0.0002472400665283203, 0.0002357959747314453, 0.0002288818359375, 0.00024437904357910156, 0.0002446174621582031, 0.00025200843811035156, 0.0002455711364746094, 0.0002551078796386719, 0.0002288818359375, 0.000247955322265625, 0.00030040740966796875, 0.00026035308837890625, 0.0002651214599609375, 0.0002753734588623047, 0.00025272369384765625, 0.00026798248291015625, 0.0002677440643310547, 0.00023603439331054688, 0.0002498626708984375, 0.0003311634063720703, 0.00025963783264160156, 0.0002665519714355469, 0.00026297569274902344, 0.0002391338348388672], "comm_recv": [0.003530263900756836, 1.4049608707427979, 2.991262435913086, 2.7584731578826904, 2.860581636428833, 2.973567485809326, 2.8928940296173096, 2.8716769218444824, 2.934269905090332, 2.8988451957702637, 2.901200294494629, 3.100191831588745, 0.0038537979125976562, 2.8764846324920654, 2.9002063274383545, 2.9995956420898438, 2.679203510284424, 2.8906612396240234, 0.006039142608642578, 2.817077159881592, 2.8110620975494385, 0.0037310123443603516, 2.9988338947296143, 3.012669086456299, 0.003558635711669922, 2.7475826740264893, 2.7288920879364014, 2.8416695594787598, 2.932169198989868, 2.7581253051757812, 2.8696446418762207, 2.6940953731536865, 2.9752049446105957, 2.7875046730041504, 2.6292617321014404, 3.0102179050445557, 2.9188830852508545, 2.806062698364258, 2.968172550201416, 3.0147080421447754, 0.003557443618774414, 2.9024829864501953, 3.010403633117676, 2.8999156951904297, 0.0038216114044189453, 3.0270493030548096, 2.9666483402252197, 2.9406280517578125, 2.729094982147217, 2.939509868621826, 2.7837769985198975, 2.968991756439209, 2.8681375980377197, 2.9598124027252197, 3.1427507400512695, 3.3637442588806152, 3.2924208641052246, 2.7270638942718506, 2.805964946746826, 2.794468402862549, 0.0037310123443603516, 0.004074573516845703, 2.73134708404541, 2.9378249645233154, 2.7461607456207275, 3.0409011840820312, 2.9306728839874268, 2.831902027130127, 3.274811029434204, 2.8252692222595215, 0.0035474300384521484, 2.9995064735412598, 3.0632898807525635, 2.943122148513794, 3.2463598251342773, 2.948734998703003, 3.4436113834381104, 2.873392105102539, 2.8883473873138428, 3.0053601264953613, 2.9729244709014893, 3.0097405910491943, 2.9420485496520996, 2.9580585956573486, 2.838280200958252, 3.272536039352417, 0.0035665035247802734, 2.889129400253296, 2.956855058670044, 2.957381248474121, 2.820491075515747, 0.005522727966308594, 2.9453749656677246, 2.8034305572509766, 0.003513813018798828, 0.004057168960571289, 0.00392913818359375, 2.9485433101654053, 2.7804524898529053, 0.0037970542907714844],