{"times": {"train": [10.914737939834595, 3.612013339996338, 3.645850896835327, 3.8362491130828857, 3.607757806777954, 3.5560076236724854, 3.6102702617645264, 3.5525152683258057, 3.6478028297424316, 3.616919994354248, 3.6437532901763916, 3.5631520748138428, 3.6366991996765137, 3.7368717193603516, 3.6460092067718506, 3.537224054336548, 3.6329660415649414, 3.5308985710144043, 3.6324620246887207, 3.7335612773895264, 3.839350700378418, 3.6182103157043457, 3.729982852935791, 3.748677968978882, 3.5760557651519775, 3.7355401515960693, 3.6350815296173096, 3.652665376663208, 3.727057456970215, 3.6393182277679443, 3.63055682182312, 3.6478049755096436, 3.529940128326416, 3.65635347366333, 3.582963466644287, 3.7410504817962646, 3.5472989082336426, 3.5328783988952637, 3.52457332611084, 3.65204119682312, 3.533243179321289, 3.509798765182495, 3.534738302230835, 3.6360960006713867, 3.7042882442474365, 3.496516704559326, 3.751795768737793, 3.634157419204712, 3.6043736934661865, 3.502340078353882, 3.630265235900879, 3.738961696624756, 3.8359010219573975, 3.6098175048828125, 3.5222890377044678, 3.541008234024048, 3.750330924987793, 3.5251402854919434, 3.6339938640594482, 3.5230071544647217, 3.639335870742798, 3.7278974056243896, 3.5249674320220947, 3.7281064987182617, 3.4939522743225098, 3.5280466079711914, 3.8353397846221924, 3.5026044845581055, 3.4920575618743896, 3.838125705718994, 3.543633460998535, 3.605970859527588, 3.6156957149505615, 3.6885225772857666, 3.6246535778045654, 3.484898090362549, 3.7379112243652344, 3.6227450370788574, 3.6499526500701904, 3.737670421600342, 3.6183784008026123, 3.5282723903656006, 3.6642446517944336, 3.4906764030456543, 3.53303861618042, 3.487043857574463, 3.6160478591918945, 3.530400514602661, 3.513085126876831, 3.7605345249176025, 3.731394052505493, 3.7304329872131348, 3.6315901279449463, 3.5042717456817627, 3.598876476287842, 3.506009101867676, 3.6121304035186768, 3.496964693069458, 3.64768648147583, 3.628635883331299], "comm_send": [0.00037789344787597656, 0.0002541542053222656, 0.00023293495178222656, 0.00023651123046875, 0.0002791881561279297, 0.00026607513427734375, 0.0002694129943847656, 0.00022363662719726562, 0.0002486705780029297, 0.0002498626708984375, 0.00025200843811035156, 0.00029587745666503906, 0.0002484321594238281, 0.0002453327178955078, 0.0002448558807373047, 0.0003337860107421875, 0.0002429485321044922, 0.0002570152282714844, 0.00026679039001464844, 0.00024008750915527344, 0.0002334117889404297, 0.0002467632293701172, 0.0002415180206298828, 0.0002319812774658203, 0.00025963783264160156, 0.00024580955505371094, 0.0002396106719970703, 0.0002434253692626953, 0.00024700164794921875, 0.0002613067626953125, 0.0002562999725341797, 0.0002532005310058594, 0.0002760887145996094, 0.00023603439331054688, 0.0002732276916503906, 0.0002956390380859375, 0.0002510547637939453, 0.0002682209014892578, 0.00025844573974609375, 0.0002372264862060547, 0.00029969215393066406, 0.0002779960632324219, 0.0002548694610595703, 0.0005481243133544922, 0.00022554397583007812, 0.00025963783264160156, 0.00024199485778808594, 0.00023484230041503906, 0.00024199485778808594, 0.0002703666687011719, 0.0002579689025878906, 0.00023221969604492188, 0.00031828880310058594, 0.00034308433532714844, 0.00024080276489257812, 0.0003459453582763672, 0.00022554397583007812, 0.00027298927307128906, 0.0002465248107910156, 0.0002620220184326172, 0.00024700164794921875, 0.00028896331787109375, 0.00026106834411621094, 0.00022864341735839844, 0.00026416778564453125, 0.0002608299255371094, 0.00023245811462402344, 0.00033974647521972656, 0.0002751350402832031, 0.00022602081298828125, 0.0002446174621582031, 0.00026869773864746094, 0.00024175643920898438, 0.00025153160095214844, 0.0002620220184326172, 0.0002548694610595703, 0.00024127960205078125, 0.00025343894958496094, 0.0002562999725341797, 0.0002334117889404297, 0.00024271011352539062, 0.00025177001953125, 0.00023865699768066406, 0.0002536773681640625, 0.0002720355987548828, 0.000278472900390625, 0.00024962425231933594, 0.0002589225769042969, 0.0002913475036621094, 0.00023865699768066406, 0.00023746490478515625, 0.0003261566162109375, 0.0002617835998535156, 0.00024628639221191406, 0.0002524852752685547, 0.00026488304138183594, 0.00025773048400878906, 0.0002551078796386719, 0.0002593994140625, 0.0002377033233642578], "comm_recv": [0.008957624435424805, 1.0395300388336182, 2.914126396179199, 2.4923365116119385, 2.892991781234741, 2.9685680866241455, 2.8198626041412354, 2.9484810829162598, 2.8231043815612793, 2.873558759689331, 2.820892810821533, 3.0770351886749268, 2.8753764629364014, 2.762155294418335, 2.8019652366638184, 3.110063314437866, 2.7813098430633545, 0.0036911964416503906, 2.844900369644165, 2.7878577709198, 2.6086061000823975, 2.8242108821868896, 2.8754465579986572, 2.801452398300171, 3.0319714546203613, 2.7120227813720703, 2.717487096786499, 2.855489730834961, 2.751492977142334, 2.84498929977417, 2.750861644744873, 2.6840100288391113, 0.0038962364196777344, 2.798417806625366, 2.7928807735443115, 2.8037610054016113, 3.0143682956695557, 2.939619302749634, 2.981048107147217, 3.022460460662842, 2.8268699645996094, 3.003312349319458, 3.014888286590576, 2.900726795196533, 2.87837815284729, 0.003730297088623047, 2.876755952835083, 2.8238632678985596, 2.7467386722564697, 0.0036432743072509766, 2.934046745300293, 2.8609817028045654, 2.6463916301727295, 2.991506576538086, 0.003870725631713867, 3.5017919540405273, 3.2875754833221436, 0.0038008689880371094, 2.941103458404541, 2.924724817276001, 2.833253860473633, 2.768402099609375, 0.003939628601074219, 2.8486926555633545, 0.004416942596435547, 0.0038487911224365234, 2.850430488586426, 2.971041440963745, 3.5143887996673584, 2.6271939277648926, 2.9942095279693604, 2.985264539718628, 3.021658420562744, 2.872607946395874, 3.359947681427002, 0.004463672637939453, 3.3691742420196533, 2.9069385528564453, 2.883733034133911, 2.8825581073760986, 2.8887298107147217, 0.0038590431213378906, 3.0435826778411865, 0.003669261932373047, 0.004217863082885742, 0.0039293766021728516, 2.9059598445892334, 0.0037622451782226562, 0.004181385040283203, 2.8419227600097656, 2.7111010551452637, 2.8533120155334473, 2.927609443664551, 0.004033088684082031, 3.3423428535461426, 3.0612149238586426, 3.4712066650390625, 0.0039038658142089844, 2.9315147399902344, 2.957693338394165],