{"times": {"train": [11.080296993255615, 3.619400978088379, 3.5787322521209717, 3.544846773147583, 3.736313581466675, 3.757814645767212, 3.5448544025421143, 3.662696599960327, 3.5680298805236816, 3.7434496879577637, 3.5553860664367676, 3.5900464057922363, 3.6689250469207764, 3.666926145553589, 3.524364948272705, 3.651346206665039, 3.6573643684387207, 3.655458688735962, 3.5864977836608887, 3.7257988452911377, 3.6539816856384277, 3.6374928951263428, 3.741410970687866, 3.555004596710205, 3.5671000480651855, 3.6234216690063477, 3.6396548748016357, 3.5397043228149414, 3.5281660556793213, 3.759484052658081, 3.8410305976867676, 3.5724806785583496, 3.55686354637146, 3.5584874153137207, 3.657611846923828, 3.6540050506591797, 3.7603647708892822, 3.546046018600464, 3.5831081867218018, 3.7304012775421143, 3.7559163570404053, 3.5806751251220703, 3.564312219619751, 3.672668695449829, 3.5872368812561035, 3.538919448852539, 3.5391695499420166, 3.618457078933716, 3.5402626991271973, 3.541316032409668, 3.5499653816223145, 3.714599609375, 3.5346271991729736, 3.5549652576446533, 3.6873276233673096, 3.7380354404449463, 3.5584075450897217, 3.603687047958374, 3.670850992202759, 3.548112630844116, 3.670039653778076, 3.5688858032226562, 3.561305284500122, 3.5937721729278564, 3.6743195056915283, 3.765713930130005, 3.657769203186035, 3.7628300189971924, 3.646242380142212, 3.6984522342681885, 3.5675196647644043, 3.7529547214508057, 3.5899007320404053, 3.6571927070617676, 3.8390350341796875, 3.657231569290161, 3.570685863494873, 3.6516811847686768, 3.6985113620758057, 3.5751209259033203, 3.5848283767700195, 3.5791800022125244, 3.594081163406372, 3.7260806560516357, 3.6790225505828857, 3.549553871154785, 3.5906951427459717, 3.6930534839630127, 3.662769317626953, 3.581109046936035, 3.6832730770111084, 3.7431023120880127, 3.7481493949890137, 3.631025552749634, 3.5574545860290527, 3.573096990585327, 3.5594136714935303, 3.684014081954956, 3.644336223602295, 3.5529117584228516], "comm_send": [0.00030159950256347656, 0.0002474784851074219, 0.0002448558807373047, 0.00025153160095214844, 0.00023818016052246094, 0.0002357959747314453, 0.00025010108947753906, 0.00022864341735839844, 0.0002307891845703125, 0.00023937225341796875, 0.00029921531677246094, 0.00025200843811035156, 0.00023627281188964844, 0.00023055076599121094, 0.0002589225769042969, 0.0002486705780029297, 0.00035762786865234375, 0.00024199485778808594, 0.00022411346435546875, 0.0003037452697753906, 0.00023221969604492188, 0.0002760887145996094, 0.00030803680419921875, 0.00025343894958496094, 0.0002551078796386719, 0.00027298927307128906, 0.00026917457580566406, 0.0002532005310058594, 0.00025200843811035156, 0.00022840499877929688, 0.00023651123046875, 0.0002465248107910156, 0.00026488304138183594, 0.00023818016052246094, 0.00024318695068359375, 0.00025844573974609375, 0.0002422332763671875, 0.0002453327178955078, 0.00027751922607421875, 0.00024962425231933594, 0.0002295970916748047, 0.00025582313537597656, 0.00025463104248046875, 0.00022721290588378906, 0.00024700164794921875, 0.00024199485778808594, 0.00025391578674316406, 0.0002453327178955078, 0.0002536773681640625, 0.0003113746643066406, 0.0002460479736328125, 0.00023746490478515625, 0.0002598762512207031, 0.0004343986511230469, 0.0002536773681640625, 0.00023603439331054688, 0.0002639293670654297, 0.0002512931823730469, 0.00022840499877929688, 0.00023746490478515625, 0.00023293495178222656, 0.00024080276489257812, 0.00025844573974609375, 0.0002579689025878906, 0.00023293495178222656, 0.00022935867309570312, 0.0002570152282714844, 0.0002257823944091797, 0.00023603439331054688, 0.00023746490478515625, 0.00023102760314941406, 0.0002262592315673828, 0.00031828880310058594, 0.00027251243591308594, 0.00025773048400878906, 0.00033020973205566406, 0.0002658367156982422, 0.0002720355987548828, 0.00029730796813964844, 0.000263214111328125, 0.0002295970916748047, 0.00033926963806152344, 0.0002472400665283203, 0.00024080276489257812, 0.0002472400665283203, 0.00025534629821777344, 0.0002396106719970703, 0.00023818016052246094, 0.00024318695068359375, 0.0002455711364746094, 0.00023651123046875, 0.0002422332763671875, 0.00023317337036132812, 0.0002372264862060547, 0.0002510547637939453, 0.0002429485321044922, 0.00023794174194335938, 0.0002410411834716797, 0.00024509429931640625, 0.0002541542053222656], "comm_recv": [0.0036041736602783203, 0.8738753795623779, 2.979328155517578, 2.78475284576416, 2.7607903480529785, 2.767975091934204, 2.8822031021118164, 2.8375985622406006, 2.9023733139038086, 2.7483270168304443, 2.906630516052246, 3.049549102783203, 2.850242853164673, 2.8274447917938232, 0.0033812522888183594, 3.024677038192749, 2.755689859390259, 2.781599283218384, 2.862793445587158, 2.7808008193969727, 2.791419267654419, 2.806185245513916, 2.8586301803588867, 2.99638295173645, 3.0416667461395264, 2.8152248859405518, 2.729071855545044, 2.965958595275879, 0.0035622119903564453, 2.761525869369507, 2.541672706604004, 2.7548086643218994, 2.934788227081299, 2.8726682662963867, 2.717621088027954, 2.889604330062866, 2.8021318912506104, 2.9146389961242676, 2.933764696121216, 2.943939447402954, 2.6056299209594727, 2.931091070175171, 2.98403000831604, 2.864337921142578, 2.994412899017334, 3.0170531272888184, 3.054856061935425, 2.8416128158569336, 2.80991268157959, 2.920152187347412, 2.9808027744293213, 2.8845059871673584, 0.003571033477783203, 0.003828287124633789, 3.017508029937744, 3.2726335525512695, 3.476945161819458, 2.8572640419006348, 2.869680881500244, 2.898017644882202, 2.802150249481201, 2.926323652267456, 2.981901168823242, 2.9438719749450684, 2.815056562423706, 2.7858452796936035, 2.989628791809082, 2.709646463394165, 3.358219623565674, 2.7661266326904297, 2.9706640243530273, 2.8366212844848633, 3.0444326400756836, 2.902538299560547, 3.143146276473999, 2.874128818511963, 3.513756036758423, 2.875143051147461, 2.830217123031616, 3.046536445617676, 2.9255213737487793, 2.9709014892578125, 3.085481882095337, 2.761197328567505, 2.8060624599456787, 3.337543487548828, 2.90051531791687, 2.782694101333618, 2.8387551307678223, 2.9917819499969482, 2.7398064136505127, 2.8406739234924316, 2.807929515838623, 2.813788652420044, 3.349407196044922, 2.993121385574341, 3.529207706451416, 2.774348258972168, 2.8989193439483643, 3.030914783477783],