{"acc": [0.957886055401372, 0.9935199245954862], "mcc": [0.9495708745655224, 0.9922448060783231], "f1": [0.9576298357049483, 0.9935632067346022], "times": {"epochs": [2.345576286315918, 0.9165942668914795], "sync": [0.26412320137023926, 0.26514387130737305], "comm_send": [1.8835067749023438e-05, 3.314018249511719e-05, 2.3126602172851562e-05, 2.4557113647460938e-05, 2.3365020751953125e-05, 2.574920654296875e-05], "comm_recv": [2.3313379287719727, 0.01337575912475586, 0.9075274467468262, 0.008533239364624023, 1.2498493194580078, 0.07036948204040527], "conv_send": [8.7738037109375e-05, 0.0002090930938720703, 6.079673767089844e-05, 6.914138793945312e-05, 7.867813110351562e-05, 5.984306335449219e-05], "conv_recv": [6.842613220214844e-05, 7.43865966796875e-05, 7.390975952148438e-05, 6.365776062011719e-05, 5.984306335449219e-05, 5.7220458984375e-05], "global_times": [3.177626132965088, 4.4288249015808105]}}