{"times": {"train": [2.3405497074127197, 1.4788310527801514, 1.6516692638397217], "comm_send": [6.389617919921875e-05, 4.839897155761719e-05, 3.695487976074219e-05], "comm_recv": [0.00048470497131347656, 0.00025916099548339844, 0.00023484230041503906], "conv_send": [0.0012557506561279297, 0.0012238025665283203, 0.0007252693176269531], "conv_recv": [4.029273986816406e-05, 5.340576171875e-05, 3.24249267578125e-05], "epochs": [2.344926118850708, 1.4830031394958496, 1.654289722442627]}}