{"times": {"train": [2.3270816802978516, 1.4846603870391846, 1.5901544094085693], "comm_send": [6.318092346191406e-05, 4.458427429199219e-05, 3.814697265625e-05], "comm_recv": [0.00033926963806152344, 0.0002753734588623047, 0.0002639293670654297], "conv_send": [0.0010743141174316406, 0.0008356571197509766, 0.000982046127319336], "conv_recv": [4.3392181396484375e-05, 3.528594970703125e-05, 4.76837158203125e-05], "epochs": [2.3307714462280273, 1.4878673553466797, 1.5936336517333984]}}